,unfeigned,true,genuine,真成,ピュア,醇正,ピュアー,本当,真正,純粋,実直,真実,真誠,sincere,真正直,篤実,篤厚,実体,摯実,正直,実らしい,honest,正当,reliable,dependable,律儀,真面目,廉直,良心的,慥か,堅い,実法,謹直,まじめ,真直ぐ,潔癖,真率,堅気,真っ直,真すぐ,堅実,忠直,着実,もの堅い,真っ直ぐ,頼もしい,清潔,貞実,直,手丈夫,真っすぐ,廉潔,律義,物堅い,固い,清廉,正しい,手堅い,確か,faithful,忠義,もの忠実やか,忠誠,忠実,honorable,真直
0,0.0,0.0,0,0,0,0,0,0,0,0.0,0.0,0.0,0,0.0,0,0,0,0.0,0,0.0,0,0,0.0,0,0,0,0.0,0,0,0,0,0,0,0.0,0,0,0,0,0,0,0.0,0,0.0,0,0,0,0.0,0,0,0,0,0,0,0,0,0,0,0,0.0,0,0,0,0.0,0,0,0
1,0.0,0.0,0,0,0,0,0,0,0,0.0,0.0,0.0,0,0.0,0,0,0,0.0,0,0.0,0,0,0.0,0,0,0,0.0,0,0,0,0,0,0,0.0,0,0,0,0,0,0,0.0,0,0.029359957321443215,0,0,0,0.0,0,0,0,0,0,0,0,0,0,0,0,0.05213314111764736,0,0,0,0.0,0,0,0
2,0.0,0.0,0,0,0,0,0,0,0,0.0,0.0,0.0,0,0.0,0,0,0,0.0,0,0.0,0,0,0.0,0,0,0,0.0,0,0,0,0,0,0,0.0,0,0,0,0,0,0,0.0,0,0.0,0,0,0,0.0,0,0,0,0,0,0,0,0,0,0,0,0.0,0,0,0,0.0,0,0,0
3,0.0,0.0,0,0,0,0,0,0,0,0.0,0.0,0.0,0,0.0,0,0,0,0.0,0,0.0,0,0,0.0,0,0,0,0.0,0,0,0,0,0,0,0.0,0,0,0,0,0,0,0.0,0,0.0,0,0,0,0.0,0,0,0,0,0,0,0,0,0,0,0,0.0,0,0,0,0.0,0,0,0
4,0.0,0.0,0,0,0,0,0,0,0,0.0,0.0,0.0,0,0.0,0,0,0,0.0,0,0.0,0,0,0.0,0,0,0,0.0,0,0,0,0,0,0,0.0,0,0,0,0,0,0,0.0,0,0.0,0,0,0,0.0,0,0,0,0,0,0,0,0,0,0,0,0.0,0,0,0,0.0,0,0,0
5,0.0,0.0,0,0,0,0,0,0,0,0.0,0.0,0.0,0,0.0,0,0,0,0.0,0,0.0,0,0,0.0,0,0,0,0.0,0,0,0,0,0,0,0.0,0,0,0,0,0,0,0.0,0,0.02942981213957859,0,0,0,0.06797359297027146,0,0,0,0,0,0,0,0,0,0,0,0.0,0,0,0,0.0,0,0,0
6,0.0,0.0,0,0,0,0,0,0,0,0.0,0.0,0.0,0,0.0,0,0,0,0.0,0,0.0,0,0,0.0,0,0,0,0.0,0,0,0,0,0,0,0.0,0,0,0,0,0,0,0.0,0,0.0,0,0,0,0.0,0,0,0,0,0,0,0,0,0,0,0,0.0,0,0,0,0.0,0,0,0
7,0.0,0.0,0,0,0,0,0,0,0,0.0,0.0,0.0,0,0.0,0,0,0,0.0,0,0.0,0,0,0.0,0,0,0,0.0,0,0,0,0,0,0,0.0,0,0,0,0,0,0,0.0,0,0.0,0,0,0,0.0,0,0,0,0,0,0,0,0,0,0,0,0.0,0,0,0,0.0,0,0,0
8,0.0,0.0,0,0,0,0,0,0,0,0.0,0.0,0.0,0,0.0,0,0,0,0.0,0,0.0,0,0,0.0,0,0,0,0.0,0,0,0,0,0,0,0.0,0,0,0,0,0,0,0.0,0,0.014358730716648331,0,0,0,0.0,0,0,0,0,0,0,0,0,0,0,0,0.0,0,0,0,0.0,0,0,0
9,0.0,0.0,0,0,0,0,0,0,0,0.0,0.0,0.0,0,0.0,0,0,0,0.0,0,0.0,0,0,0.0,0,0,0,0.0,0,0,0,0,0,0,0.0,0,0,0,0,0,0,0.0,0,0.0,0,0,0,0.0,0,0,0,0,0,0,0,0,0,0,0,0.0,0,0,0,0.0,0,0,0
10,0.0,0.0,0,0,0,0,0,0,0,0.0,0.0,0.0,0,0.0,0,0,0,0.0,0,0.0,0,0,0.0,0,0,0,0.0,0,0,0,0,0,0,0.0,0,0,0,0,0,0,0.0,0,0.0,0,0,0,0.0,0,0,0,0,0,0,0,0,0,0,0,0.0,0,0,0,0.0,0,0,0
11,0.0,0.0,0,0,0,0,0,0,0,0.0,0.0,0.0,0,0.0,0,0,0,0.0,0,0.0,0,0,0.0,0,0,0,0.0,0,0,0,0,0,0,0.0,0,0,0,0,0,0,0.0,0,0.0,0,0,0,0.0,0,0,0,0,0,0,0,0,0,0,0,0.0,0,0,0,0.0,0,0,0
12,0.0,0.0,0,0,0,0,0,0,0,0.0,0.0,0.0,0,0.0,0,0,0,0.0,0,0.0,0,0,0.0,0,0,0,0.0,0,0,0,0,0,0,0.0,0,0,0,0,0,0,0.0,0,0.0,0,0,0,0.0,0,0,0,0,0,0,0,0,0,0,0,0.0,0,0,0,0.0,0,0,0
13,0.0,0.0,0,0,0,0,0,0,0,0.0,0.0,0.0,0,0.0,0,0,0,0.0,0,0.0,0,0,0.0,0,0,0,0.0,0,0,0,0,0,0,0.0,0,0,0,0,0,0,0.0,0,0.02615078931002169,0,0,0,0.0,0,0,0,0,0,0,0,0,0,0,0,0.0,0,0,0,0.0,0,0,0
14,0.0,0.0,0,0,0,0,0,0,0,0.0,0.0,0.0,0,0.0,0,0,0,0.0,0,0.0,0,0,0.0,0,0,0,0.0,0,0,0,0,0,0,0.0,0,0,0,0,0,0,0.0,0,0.009289103087460001,0,0,0,0.0,0,0,0,0,0,0,0,0,0,0,0,0.0,0,0,0,0.0,0,0,0
15,0.0,0.0,0,0,0,0,0,0,0,0.0,0.0,0.0,0,0.0,0,0,0,0.0,0,0.0,0,0,0.0,0,0,0,0.0,0,0,0,0,0,0,0.0,0,0,0,0,0,0,0.0,0,0.017952838138393955,0,0,0,0.0,0,0,0,0,0,0,0,0,0,0,0,0.06375607661034344,0,0,0,0.0,0,0,0
16,0.0,0.0,0,0,0,0,0,0,0,0.0,0.0,0.0,0,0.0,0,0,0,0.0,0,0.0,0,0,0.0,0,0,0,0.0,0,0,0,0,0,0,0.0,0,0,0,0,0,0,0.0,0,0.01705810497441257,0,0,0,0.0,0,0,0,0,0,0,0,0,0,0,0,0.0,0,0,0,0.0,0,0,0
17,0.0,0.0,0,0,0,0,0,0,0,0.0,0.0,0.0,0,0.0,0,0,0,0.0,0,0.0,0,0,0.0,0,0,0,0.0,0,0,0,0,0,0,0.0,0,0,0,0,0,0,0.0,0,0.0,0,0,0,0.0,0,0,0,0,0,0,0,0,0,0,0,0.0,0,0,0,0.0,0,0,0
18,0.0,0.0,0,0,0,0,0,0,0,0.0,0.0,0.0,0,0.0,0,0,0,0.0,0,0.0,0,0,0.0,0,0,0,0.0,0,0,0,0,0,0,0.0,0,0,0,0,0,0,0.05684780577587101,0,0.0,0,0,0,0.0,0,0,0,0,0,0,0,0,0,0,0,0.0,0,0,0,0.0,0,0,0
19,0.0,0.0,0,0,0,0,0,0,0,0.0,0.0,0.0,0,0.0,0,0,0,0.0,0,0.0,0,0,0.0,0,0,0,0.0,0,0,0,0,0,0,0.0,0,0,0,0,0,0,0.0,0,0.0,0,0,0,0.0,0,0,0,0,0,0,0,0,0,0,0,0.0,0,0,0,0.0,0,0,0
20,0.0,0.0,0,0,0,0,0,0,0,0.0,0.0,0.0,0,0.0,0,0,0,0.0,0,0.0,0,0,0.0,0,0,0,0.0,0,0,0,0,0,0,0.0,0,0,0,0,0,0,0.0,0,0.0,0,0,0,0.0,0,0,0,0,0,0,0,0,0,0,0,0.0,0,0,0,0.0,0,0,0
21,0.0,0.0,0,0,0,0,0,0,0,0.0,0.0,0.0,0,0.0,0,0,0,0.0,0,0.0,0,0,0.0,0,0,0,0.0,0,0,0,0,0,0,0.0,0,0,0,0,0,0,0.0,0,0.0,0,0,0,0.0,0,0,0,0,0,0,0,0,0,0,0,0.0,0,0,0,0.0,0,0,0
22,0.0,0.0,0,0,0,0,0,0,0,0.0,0.0,0.0,0,0.0,0,0,0,0.0,0,0.0,0,0,0.0,0,0,0,0.0,0,0,0,0,0,0,0.0,0,0,0,0,0,0,0.0,0,0.015845194641263168,0,0,0,0.0,0,0,0,0,0,0,0,0,0,0,0,0.0,0,0,0,0.0,0,0,0
23,0.0,0.0,0,0,0,0,0,0,0,0.0,0.0,0.0,0,0.0,0,0,0,0.0,0,0.0,0,0,0.0,0,0,0,0.0,0,0,0,0,0,0,0.0,0,0,0,0,0,0,0.0,0,0.03982206879348629,0,0,0,0.0,0,0,0,0,0,0,0,0,0,0,0,0.07071023671043374,0,0,0,0.0,0,0,0
24,0.0,0.0,0,0,0,0,0,0,0,0.0,0.0,0.0,0,0.0,0,0,0,0.0,0,0.0,0,0,0.0,0,0,0,0.0,0,0,0,0,0,0,0.0,0,0,0,0,0,0,0.0,0,0.0,0,0,0,0.0,0,0,0,0,0,0,0,0,0,0,0,0.0,0,0,0,0.0,0,0,0
25,0.0,0.0,0,0,0,0,0,0,0,0.0,0.0,0.0,0,0.0,0,0,0,0.0,0,0.0,0,0,0.0,0,0,0,0.0,0,0,0,0,0,0,0.0,0,0,0,0,0,0,0.0,0,0.0,0,0,0,0.0,0,0,0,0,0,0,0,0,0,0,0,0.0,0,0,0,0.0,0,0,0
26,0.0,0.0,0,0,0,0,0,0,0,0.0,0.0,0.0,0,0.0,0,0,0,0.0,0,0.0,0,0,0.0,0,0,0,0.0,0,0,0,0,0,0,0.0,0,0,0,0,0,0,0.0,0,0.0,0,0,0,0.0,0,0,0,0,0,0,0,0,0,0,0,0.0,0,0,0,0.0,0,0,0
27,0.0,0.0,0,0,0,0,0,0,0,0.0,0.0,0.0,0,0.0,0,0,0,0.0,0,0.0,0,0,0.0,0,0,0,0.0,0,0,0,0,0,0,0.0,0,0,0,0,0,0,0.0,0,0.0,0,0,0,0.0,0,0,0,0,0,0,0,0,0,0,0,0.0,0,0,0,0.0,0,0,0
28,0.0,0.0,0,0,0,0,0,0,0,0.0,0.0,0.0,0,0.0,0,0,0,0.0,0,0.0,0,0,0.0,0,0,0,0.0,0,0,0,0,0,0,0.0,0,0,0,0,0,0,0.0,0,0.025042152224855826,0,0,0,0.0,0,0,0,0,0,0,0,0,0,0,0,0.0,0,0,0,0.0,0,0,0
29,0.0,0.0,0,0,0,0,0,0,0,0.0,0.0,0.0,0,0.0,0,0,0,0.0,0,0.0,0,0,0.0,0,0,0,0.0,0,0,0,0,0,0,0.0,0,0,0,0,0,0,0.0,0,0.0,0,0,0,0.0,0,0,0,0,0,0,0,0,0,0,0,0.0,0,0,0,0.0,0,0,0
30,0.0,0.0,0,0,0,0,0,0,0,0.0,0.0,0.0,0,0.0,0,0,0,0.0,0,0.0,0,0,0.0,0,0,0,0.0,0,0,0,0,0,0,0.0,0,0,0,0,0,0,0.0,0,0.0,0,0,0,0.0,0,0,0,0,0,0,0,0,0,0,0,0.0,0,0,0,0.0,0,0,0
31,0.0,0.0,0,0,0,0,0,0,0,0.0,0.0,0.0,0,0.0,0,0,0,0.0,0,0.0,0,0,0.0,0,0,0,0.0,0,0,0,0,0,0,0.0,0,0,0,0,0,0,0.0,0,0.0,0,0,0,0.0,0,0,0,0,0,0,0,0,0,0,0,0.02551365272039933,0,0,0,0.0,0,0,0
32,0.0,0.0,0,0,0,0,0,0,0,0.0,0.0,0.0,0,0.04208863958063232,0,0,0,0.0,0,0.0,0,0,0.0,0,0,0,0.0,0,0,0,0,0,0,0.0,0,0,0,0,0,0,0.0,0,0.013060396020462004,0,0,0,0.0,0,0,0,0,0,0,0,0,0,0,0,0.0,0,0,0,0.0,0,0,0
33,0.0,0.0,0,0,0,0,0,0,0,0.0,0.0,0.0,0,0.0,0,0,0,0.0,0,0.0,0,0,0.0,0,0,0,0.0,0,0,0,0,0,0,0.0,0,0,0,0,0,0,0.0,0,0.0,0,0,0,0.0,0,0,0,0,0,0,0,0,0,0,0,0.0,0,0,0,0.0,0,0,0
34,0.0,0.0,0,0,0,0,0,0,0,0.0,0.0,0.0,0,0.0,0,0,0,0.0,0,0.0,0,0,0.0,0,0,0,0.0,0,0,0,0,0,0,0.0,0,0,0,0,0,0,0.0,0,0.0,0,0,0,0.0,0,0,0,0,0,0,0,0,0,0,0,0.0,0,0,0,0.0,0,0,0
35,0.0,0.0,0,0,0,0,0,0,0,0.0,0.0,0.0,0,0.0,0,0,0,0.0,0,0.0,0,0,0.0,0,0,0,0.0,0,0,0,0,0,0,0.0,0,0,0,0,0,0,0.0,0,0.0,0,0,0,0.0,0,0,0,0,0,0,0,0,0,0,0,0.0,0,0,0,0.0,0,0,0
36,0.0,0.0,0,0,0,0,0,0,0,0.0,0.0,0.0,0,0.0,0,0,0,0.0,0,0.0,0,0,0.0,0,0,0,0.0,0,0,0,0,0,0,0.0,0,0,0,0,0,0,0.0,0,0.0,0,0,0,0.0,0,0,0,0,0,0,0,0,0,0,0,0.0,0,0,0,0.0,0,0,0
37,0.0,0.0,0,0,0,0,0,0,0,0.0,0.0,0.0,0,0.0,0,0,0,0.0,0,0.0,0,0,0.0,0,0,0,0.0,0,0,0,0,0,0,0.0,0,0,0,0,0,0,0.0,0,0.0,0,0,0,0.0,0,0,0,0,0,0,0,0,0,0,0,0.0,0,0,0,0.0,0,0,0
38,0.0,0.0,0,0,0,0,0,0,0,0.0,0.0,0.0,0,0.0,0,0,0,0.0,0,0.0,0,0,0.0,0,0,0,0.0,0,0,0,0,0,0,0.0,0,0,0,0,0,0,0.0,0,0.0,0,0,0,0.0,0,0,0,0,0,0,0,0,0,0,0,0.0,0,0,0,0.0,0,0,0
39,0.0,0.0,0,0,0,0,0,0,0,0.0,0.0,0.0,0,0.0,0,0,0,0.0,0,0.0,0,0,0.0,0,0,0,0.0,0,0,0,0,0,0,0.0,0,0,0,0,0,0,0.0,0,0.0,0,0,0,0.0,0,0,0,0,0,0,0,0,0,0,0,0.0,0,0,0,0.0,0,0,0
40,0.0,0.0,0,0,0,0,0,0,0,0.0,0.0,0.0,0,0.0,0,0,0,0.0,0,0.0,0,0,0.0,0,0,0,0.0,0,0,0,0,0,0,0.0,0,0,0,0,0,0,0.0,0,0.013850349468066762,0,0,0,0.0,0,0,0,0,0,0,0,0,0,0,0,0.0,0,0,0,0.0,0,0,0
41,0.0,0.0,0,0,0,0,0,0,0,0.0,0.0,0.0,0,0.0,0,0,0,0.0,0,0.0,0,0,0.0,0,0,0,0.0,0,0,0,0,0,0,0.0,0,0,0,0,0,0,0.0,0,0.0,0,0,0,0.04039025207680757,0,0,0,0,0,0,0,0,0,0,0,0.0,0,0,0,0.0,0,0,0
42,0.0,0.0,0,0,0,0,0,0,0,0.0,0.0,0.0,0,0.0,0,0,0,0.0,0,0.0,0,0,0.0,0,0,0,0.0,0,0,0,0,0,0,0.0,0,0,0,0,0,0,0.0,0,0.0,0,0,0,0.0,0,0,0,0,0,0,0,0,0,0,0,0.0,0,0,0,0.0,0,0,0
43,0.0,0.0,0,0,0,0,0,0,0,0.0,0.0,0.0,0,0.0,0,0,0,0.0,0,0.0,0,0,0.0,0,0,0,0.0,0,0,0,0,0,0,0.0,0,0,0,0,0,0,0.0,0,0.0,0,0,0,0.0,0,0,0,0,0,0,0,0,0,0,0,0.0,0,0,0,0.0,0,0,0
44,0.0,0.0,0,0,0,0,0,0,0,0.0,0.0,0.0,0,0.0,0,0,0,0.0,0,0.0,0,0,0.0,0,0,0,0.0,0,0,0,0,0,0,0.0,0,0,0,0,0,0,0.0,0,0.0,0,0,0,0.0,0,0,0,0,0,0,0,0,0,0,0,0.0,0,0,0,0.0,0,0,0
45,0.0,0.0,0,0,0,0,0,0,0,0.0,0.0,0.0,0,0.0,0,0,0,0.0,0,0.0,0,0,0.0,0,0,0,0.0,0,0,0,0,0,0,0.0,0,0,0,0,0,0,0.0,0,0.0,0,0,0,0.0,0,0,0,0,0,0,0,0,0,0,0,0.0,0,0,0,0.0,0,0,0
46,0.0,0.0,0,0,0,0,0,0,0,0.0,0.0,0.0,0,0.0,0,0,0,0.0,0,0.0,0,0,0.0,0,0,0,0.0,0,0,0,0,0,0,0.0,0,0,0,0,0,0,0.0,0,0.025020011843938532,0,0,0,0.0,0,0,0,0,0,0,0,0,0,0,0,0.0,0,0,0,0.0,0,0,0
47,0.0,0.0,0,0,0,0,0,0,0,0.0,0.0,0.0,0,0.0,0,0,0,0.0,0,0.0,0,0,0.0,0,0,0,0.0,0,0,0,0,0,0,0.0,0,0,0,0,0,0,0.0,0,0.0,0,0,0,0.0,0,0,0,0,0,0,0,0,0,0,0,0.0,0,0,0,0.0,0,0,0
48,0.0,0.0,0,0,0,0,0,0,0,0.0,0.0,0.0,0,0.0,0,0,0,0.0,0,0.0,0,0,0.0,0,0,0,0.0,0,0,0,0,0,0,0.0,0,0,0,0,0,0,0.0,0,0.0,0,0,0,0.0,0,0,0,0,0,0,0,0,0,0,0,0.0,0,0,0,0.0,0,0,0
49,0.0,0.0,0,0,0,0,0,0,0,0.0,0.0,0.0,0,0.0,0,0,0,0.0,0,0.0,0,0,0.0,0,0,0,0.0,0,0,0,0,0,0,0.0,0,0,0,0,0,0,0.0,0,0.0,0,0,0,0.0,0,0,0,0,0,0,0,0,0,0,0,0.0,0,0,0,0.0,0,0,0
50,0.0,0.0,0,0,0,0,0,0,0,0.0,0.0,0.0,0,0.0,0,0,0,0.0,0,0.0,0,0,0.0,0,0,0,0.0,0,0,0,0,0,0,0.0,0,0,0,0,0,0,0.0,0,0.01231357008258633,0,0,0,0.0,0,0,0,0,0,0,0,0,0,0,0,0.0,0,0,0,0.0,0,0,0
51,0.0,0.0,0,0,0,0,0,0,0,0.04108917265875738,0.0,0.0,0,0.0,0,0,0,0.0,0,0.0,0,0,0.0,0,0,0,0.0,0,0,0,0,0,0,0.0,0,0,0,0,0,0,0.0,0,0.01499443171422398,0,0,0,0.0,0,0,0,0,0,0,0,0,0,0,0,0.02662493054666812,0,0,0,0.0,0,0,0
52,0.0,0.0,0,0,0,0,0,0,0,0.0,0.0,0.0,0,0.0,0,0,0,0.0,0,0.0,0,0,0.0,0,0,0,0.0,0,0,0,0,0,0,0.0,0,0,0,0,0,0,0.0,0,0.0,0,0,0,0.0,0,0,0,0,0,0,0,0,0,0,0,0.0,0,0,0,0.0,0,0,0
53,0.0,0.0,0,0,0,0,0,0,0,0.0,0.0,0.0,0,0.0,0,0,0,0.0,0,0.0,0,0,0.0,0,0,0,0.0,0,0,0,0,0,0,0.0,0,0,0,0,0,0,0.0,0,0.0,0,0,0,0.0,0,0,0,0,0,0,0,0,0,0,0,0.0,0,0,0,0.0,0,0,0
54,0.0,0.0,0,0,0,0,0,0,0,0.0,0.0,0.0,0,0.0,0,0,0,0.0,0,0.0,0,0,0.0,0,0,0,0.0,0,0,0,0,0,0,0.0,0,0,0,0,0,0,0.0,0,0.0,0,0,0,0.0,0,0,0,0,0,0,0,0,0,0,0,0.0,0,0,0,0.0,0,0,0
55,0.0,0.0,0,0,0,0,0,0,0,0.0,0.0,0.0,0,0.0,0,0,0,0.0,0,0.0,0,0,0.0,0,0,0,0.0,0,0,0,0,0,0,0.0,0,0,0,0,0,0,0.0,0,0.0,0,0,0,0.0,0,0,0,0,0,0,0,0,0,0,0,0.0,0,0,0,0.0,0,0,0
56,0.0,0.0,0,0,0,0,0,0,0,0.0,0.0,0.0,0,0.0,0,0,0,0.0,0,0.0,0,0,0.0,0,0,0,0.0,0,0,0,0,0,0,0.0,0,0,0,0,0,0,0.0,0,0.014495646893674058,0,0,0,0.0,0,0,0,0,0,0,0,0,0,0,0,0.0,0,0,0,0.0,0,0,0
57,0.0,0.0,0,0,0,0,0,0,0,0.0,0.0,0.0,0,0.0,0,0,0,0.0,0,0.0,0,0,0.0,0,0,0,0.0,0,0,0,0,0,0,0.0,0,0,0,0,0,0,0.0,0,0.0,0,0,0,0.0,0,0,0,0,0,0,0,0,0,0,0,0.0,0,0,0,0.0,0,0,0
58,0.0,0.0,0,0,0,0,0,0,0,0.0,0.0,0.0,0,0.0,0,0,0,0.0,0,0.0,0,0,0.0,0,0,0,0.0,0,0,0,0,0,0,0.0,0,0,0,0,0,0,0.0,0,0.0,0,0,0,0.0,0,0,0,0,0,0,0,0,0,0,0,0.0,0,0,0,0.0,0,0,0
59,0.0,0.0,0,0,0,0,0,0,0,0.0,0.0,0.0,0,0.0,0,0,0,0.0,0,0.0,0,0,0.0,0,0,0,0.0,0,0,0,0,0,0,0.0,0,0,0,0,0,0,0.0,0,0.01672402098895359,0,0,0,0.0,0,0,0,0,0,0,0,0,0,0,0,0.0,0,0,0,0.0,0,0,0
60,0.0,0.0,0,0,0,0,0,0,0,0.0,0.0,0.0,0,0.0,0,0,0,0.0,0,0.0,0,0,0.0,0,0,0,0.0,0,0,0,0,0,0,0.0,0,0,0,0,0,0,0.0,0,0.0,0,0,0,0.0,0,0,0,0,0,0,0,0,0,0,0,0.0,0,0,0,0.0,0,0,0
61,0.0,0.0,0,0,0,0,0,0,0,0.0,0.0,0.0,0,0.0,0,0,0,0.0,0,0.0,0,0,0.0,0,0,0,0.0,0,0,0,0,0,0,0.0,0,0,0,0,0,0,0.0,0,0.0,0,0,0,0.0,0,0,0,0,0,0,0,0,0,0,0,0.0,0,0,0,0.0,0,0,0
62,0.0,0.0,0,0,0,0,0,0,0,0.0,0.0,0.0,0,0.0,0,0,0,0.0,0,0.0,0,0,0.0,0,0,0,0.0,0,0,0,0,0,0,0.0,0,0,0,0,0,0,0.0,0,0.0,0,0,0,0.0,0,0,0,0,0,0,0,0,0,0,0,0.01154756705948628,0,0,0,0.0,0,0,0
63,0.0,0.0,0,0,0,0,0,0,0,0.0,0.0,0.0,0,0.0,0,0,0,0.0,0,0.0,0,0,0.0,0,0,0,0.0,0,0,0,0,0,0,0.0,0,0,0,0,0,0,0.0,0,0.0,0,0,0,0.0,0,0,0,0,0,0,0,0,0,0,0,0.0,0,0,0,0.0,0,0,0
64,0.0,0.0,0,0,0,0,0,0,0,0.0,0.0,0.0,0,0.0,0,0,0,0.0,0,0.0,0,0,0.08197801269480355,0,0,0,0.0,0,0,0,0,0,0,0.0,0,0,0,0,0,0,0.0,0,0.0,0,0,0,0.0,0,0,0,0,0,0,0,0,0,0,0,0.0,0,0,0,0.0,0,0,0
65,0.0,0.0,0,0,0,0,0,0,0,0.0,0.0,0.0,0,0.0,0,0,0,0.0,0,0.0,0,0,0.0,0,0,0,0.0,0,0,0,0,0,0,0.0,0,0,0,0,0,0,0.0,0,0.0,0,0,0,0.0,0,0,0,0,0,0,0,0,0,0,0,0.0,0,0,0,0.0,0,0,0
66,0.0,0.0,0,0,0,0,0,0,0,0.0,0.0,0.0,0,0.0,0,0,0,0.0,0,0.0,0,0,0.0,0,0,0,0.0,0,0,0,0,0,0,0.0,0,0,0,0,0,0,0.0,0,0.0,0,0,0,0.0,0,0,0,0,0,0,0,0,0,0,0,0.0,0,0,0,0.0,0,0,0
67,0.0,0.0,0,0,0,0,0,0,0,0.0,0.0,0.0,0,0.0,0,0,0,0.0,0,0.0,0,0,0.0,0,0,0,0.0,0,0,0,0,0,0,0.0,0,0,0,0,0,0,0.0,0,0.009875317013027568,0,0,0,0.0,0,0,0,0,0,0,0,0,0,0,0,0.0,0,0,0,0.0,0,0,0
68,0.0,0.0,0,0,0,0,0,0,0,0.0,0.0,0.0,0,0.0,0,0,0,0.0,0,0.0,0,0,0.0,0,0,0,0.0,0,0,0,0,0,0,0.0,0,0,0,0,0,0,0.0,0,0.0,0,0,0,0.0,0,0,0,0,0,0,0,0,0,0,0,0.0,0,0,0,0.0,0,0,0
69,0.0,0.0,0,0,0,0,0,0,0,0.0,0.0,0.0,0,0.0,0,0,0,0.0,0,0.0,0,0,0.0,0,0,0,0.0,0,0,0,0,0,0,0.0,0,0,0,0,0,0,0.0,0,0.0,0,0,0,0.0,0,0,0,0,0,0,0,0,0,0,0,0.0,0,0,0,0.0,0,0,0
70,0.0,0.0,0,0,0,0,0,0,0,0.0,0.0,0.0,0,0.0,0,0,0,0.0,0,0.0,0,0,0.0,0,0,0,0.0,0,0,0,0,0,0,0.0,0,0,0,0,0,0,0.0,0,0.0,0,0,0,0.0,0,0,0,0,0,0,0,0,0,0,0,0.024918873397250137,0,0,0,0.0,0,0,0
71,0.0,0.0,0,0,0,0,0,0,0,0.0,0.0,0.0,0,0.0,0,0,0,0.0,0,0.0,0,0,0.0,0,0,0,0.0,0,0,0,0,0,0,0.0,0,0,0,0,0,0,0.0,0,0.0,0,0,0,0.0,0,0,0,0,0,0,0,0,0,0,0,0.0,0,0,0,0.0,0,0,0
72,0.0,0.0,0,0,0,0,0,0,0,0.0,0.0,0.0,0,0.0,0,0,0,0.0,0,0.0,0,0,0.0,0,0,0,0.0,0,0,0,0,0,0,0.0,0,0,0,0,0,0,0.0,0,0.0,0,0,0,0.0,0,0,0,0,0,0,0,0,0,0,0,0.0,0,0,0,0.0,0,0,0
73,0.0,0.0,0,0,0,0,0,0,0,0.0,0.0,0.0,0,0.0,0,0,0,0.0,0,0.0,0,0,0.0,0,0,0,0.0,0,0,0,0,0,0,0.0,0,0,0,0,0,0,0.0,0,0.0,0,0,0,0.0,0,0,0,0,0,0,0,0,0,0,0,0.0,0,0,0,0.0,0,0,0
74,0.0,0.0,0,0,0,0,0,0,0,0.0,0.0,0.0,0,0.0,0,0,0,0.0,0,0.0,0,0,0.0,0,0,0,0.0,0,0,0,0,0,0,0.0,0,0,0,0,0,0,0.0,0,0.0,0,0,0,0.0,0,0,0,0,0,0,0,0,0,0,0,0.0,0,0,0,0.0,0,0,0
75,0.0,0.0,0,0,0,0,0,0,0,0.0,0.0,0.0,0,0.0,0,0,0,0.0,0,0.0,0,0,0.0,0,0,0,0.0,0,0,0,0,0,0,0.0,0,0,0,0,0,0,0.0,0,0.01804355010135126,0,0,0,0.0,0,0,0,0,0,0,0,0,0,0,0,0.0,0,0,0,0.0,0,0,0
76,0.0,0.0,0,0,0,0,0,0,0,0.0,0.0,0.0,0,0.0,0,0,0,0.0,0,0.0,0,0,0.0,0,0,0,0.0,0,0,0,0,0,0,0.0,0,0,0,0,0,0,0.0,0,0.0,0,0,0,0.0,0,0,0,0,0,0,0,0,0,0,0,0.0,0,0,0,0.0,0,0,0
77,0.0,0.0,0,0,0,0,0,0,0,0.0,0.0,0.0,0,0.0,0,0,0,0.0,0,0.0,0,0,0.0,0,0,0,0.0,0,0,0,0,0,0,0.0,0,0,0,0,0,0,0.0,0,0.0,0,0,0,0.0,0,0,0,0,0,0,0,0,0,0,0,0.0,0,0,0,0.0,0,0,0
78,0.0,0.0,0,0,0,0,0,0,0,0.0,0.0,0.0,0,0.0,0,0,0,0.0,0,0.0,0,0,0.0,0,0,0,0.0,0,0,0,0,0,0,0.0,0,0,0,0,0,0,0.0,0,0.0,0,0,0,0.0,0,0,0,0,0,0,0,0,0,0,0,0.0,0,0,0,0.0,0,0,0
79,0.0,0.0,0,0,0,0,0,0,0,0.0,0.0,0.0,0,0.0,0,0,0,0.0,0,0.0,0,0,0.0,0,0,0,0.0,0,0,0,0,0,0,0.0,0,0,0,0,0,0,0.0,0,0.010298068715145773,0,0,0,0.0,0,0,0,0,0,0,0,0,0,0,0,0.0,0,0,0,0.0,0,0,0
80,0.0,0.0,0,0,0,0,0,0,0,0.0,0.0,0.0,0,0.0,0,0,0,0.0,0,0.0,0,0,0.0,0,0,0,0.0,0,0,0,0,0,0,0.0,0,0,0,0,0,0,0.0,0,0.01143161362153488,0,0,0,0.0,0,0,0,0,0,0,0,0,0,0,0,0.0,0,0,0,0.0,0,0,0
81,0.0,0.0,0,0,0,0,0,0,0,0.0,0.0,0.0,0,0.0,0,0,0,0.0,0,0.0,0,0,0.0,0,0,0,0.0,0,0,0,0,0,0,0.0,0,0,0,0,0,0,0.0,0,0.0,0,0,0,0.0,0,0,0,0,0,0,0,0,0,0,0,0.0,0,0,0,0.0,0,0,0
82,0.0,0.0,0,0,0,0,0,0,0,0.0,0.0,0.0,0,0.0,0,0,0,0.0,0,0.0,0,0,0.0,0,0,0,0.0,0,0,0,0,0,0,0.0,0,0,0,0,0,0,0.0,0,0.0,0,0,0,0.0,0,0,0,0,0,0,0,0,0,0,0,0.0,0,0,0,0.0,0,0,0
83,0.0,0.0,0,0,0,0,0,0,0,0.0,0.0,0.0,0,0.0,0,0,0,0.0,0,0.0,0,0,0.0,0,0,0,0.0,0,0,0,0,0,0,0.0,0,0,0,0,0,0,0.0,0,0.0,0,0,0,0.0,0,0,0,0,0,0,0,0,0,0,0,0.0,0,0,0,0.0,0,0,0
84,0.0,0.0,0,0,0,0,0,0,0,0.0,0.0,0.0,0,0.0,0,0,0,0.0,0,0.0,0,0,0.0,0,0,0,0.0,0,0,0,0,0,0,0.0,0,0,0,0,0,0,0.0,0,0.019807790489295152,0,0,0,0.0,0,0,0,0,0,0,0,0,0,0,0,0.0,0,0,0,0.0,0,0,0
85,0.0,0.0,0,0,0,0,0,0,0,0.0,0.0,0.0,0,0.0,0,0,0,0.0,0,0.0,0,0,0.0,0,0,0,0.0,0,0,0,0,0,0,0.0,0,0,0,0,0,0,0.0,0,0.0,0,0,0,0.0,0,0,0,0,0,0,0,0,0,0,0,0.0,0,0,0,0.0,0,0,0
86,0.0,0.0,0,0,0,0,0,0,0,0.0,0.0,0.0,0,0.0,0,0,0,0.0,0,0.0,0,0,0.0,0,0,0,0.0,0,0,0,0,0,0,0.0,0,0,0,0,0,0,0.0,0,0.012583215000103627,0,0,0,0.0,0,0,0,0,0,0,0,0,0,0,0,0.0,0,0,0,0.0,0,0,0
87,0.0,0.0,0,0,0,0,0,0,0,0.0,0.0,0.0,0,0.0,0,0,0,0.0,0,0.0,0,0,0.0,0,0,0,0.0,0,0,0,0,0,0,0.0,0,0,0,0,0,0,0.0,0,0.0,0,0,0,0.0,0,0,0,0,0,0,0,0,0,0,0,0.0,0,0,0,0.0,0,0,0
88,0.0,0.0,0,0,0,0,0,0,0,0.0,0.0,0.0,0,0.0,0,0,0,0.0,0,0.0,0,0,0.0,0,0,0,0.0,0,0,0,0,0,0,0.0,0,0,0,0,0,0,0.0,0,0.0,0,0,0,0.0,0,0,0,0,0,0,0,0,0,0,0,0.0,0,0,0,0.0,0,0,0
89,0.0,0.0,0,0,0,0,0,0,0,0.0,0.0,0.0,0,0.0,0,0,0,0.0,0,0.0,0,0,0.0,0,0,0,0.0,0,0,0,0,0,0,0.0,0,0,0,0,0,0,0.0,0,0.028923902351345687,0,0,0,0.0,0,0,0,0,0,0,0,0,0,0,0,0.0,0,0,0,0.0,0,0,0
90,0.0,0.0,0,0,0,0,0,0,0,0.0,0.0,0.0,0,0.0,0,0,0,0.0,0,0.0,0,0,0.0,0,0,0,0.0,0,0,0,0,0,0,0.0,0,0,0,0,0,0,0.0,0,0.0,0,0,0,0.0,0,0,0,0,0,0,0,0,0,0,0,0.0,0,0,0,0.0,0,0,0
91,0.0,0.0,0,0,0,0,0,0,0,0.0,0.0,0.0,0,0.0,0,0,0,0.0,0,0.0,0,0,0.0,0,0,0,0.0,0,0,0,0,0,0,0.0,0,0,0,0,0,0,0.0,0,0.0,0,0,0,0.0,0,0,0,0,0,0,0,0,0,0,0,0.0,0,0,0,0.0,0,0,0
92,0.0,0.0,0,0,0,0,0,0,0,0.0,0.0,0.0,0,0.0,0,0,0,0.0,0,0.0,0,0,0.0,0,0,0,0.0,0,0,0,0,0,0,0.0,0,0,0,0,0,0,0.0,0,0.013740510305726272,0,0,0,0.0,0,0,0,0,0,0,0,0,0,0,0,0.0,0,0,0,0.0,0,0,0
93,0.0,0.0,0,0,0,0,0,0,0,0.0,0.0,0.0,0,0.0,0,0,0,0.0,0,0.0,0,0,0.0,0,0,0,0.0,0,0,0,0,0,0,0.0,0,0,0,0,0,0,0.0,0,0.0,0,0,0,0.0,0,0,0,0,0,0,0,0,0,0,0,0.0,0,0,0,0.0,0,0,0
94,0.0,0.0,0,0,0,0,0,0,0,0.0,0.0,0.0,0,0.0,0,0,0,0.0,0,0.0,0,0,0.0,0,0,0,0.0,0,0,0,0,0,0,0.0,0,0,0,0,0,0,0.0,0,0.0,0,0,0,0.0,0,0,0,0,0,0,0,0,0,0,0,0.0,0,0,0,0.0,0,0,0
95,0.0,0.0,0,0,0,0,0,0,0,0.0,0.0,0.0,0,0.0,0,0,0,0.0,0,0.0,0,0,0.0,0,0,0,0.0,0,0,0,0,0,0,0.0,0,0,0,0,0,0,0.0,0,0.0,0,0,0,0.0,0,0,0,0,0,0,0,0,0,0,0,0.0,0,0,0,0.0,0,0,0
96,0.0,0.0,0,0,0,0,0,0,0,0.0,0.0,0.0,0,0.0,0,0,0,0.0,0,0.0,0,0,0.0,0,0,0,0.0,0,0,0,0,0,0,0.0,0,0,0,0,0,0,0.0,0,0.0,0,0,0,0.0,0,0,0,0,0,0,0,0,0,0,0,0.0,0,0,0,0.0,0,0,0
97,0.0,0.0,0,0,0,0,0,0,0,0.0,0.0,0.0,0,0.0,0,0,0,0.0,0,0.0,0,0,0.0,0,0,0,0.0,0,0,0,0,0,0,0.0,0,0,0,0,0,0,0.0,0,0.034371564735580395,0,0,0,0.0,0,0,0,0,0,0,0,0,0,0,0,0.0,0,0,0,0.0,0,0,0
98,0.0,0.0,0,0,0,0,0,0,0,0.0,0.0,0.0,0,0.0,0,0,0,0.0,0,0.0,0,0,0.0,0,0,0,0.0,0,0,0,0,0,0,0.0,0,0,0,0,0,0,0.0,0,0.0,0,0,0,0.0,0,0,0,0,0,0,0,0,0,0,0,0.0,0,0,0,0.0,0,0,0
99,0.0,0.0,0,0,0,0,0,0,0,0.0,0.0,0.0,0,0.0,0,0,0,0.0,0,0.0,0,0,0.0,0,0,0,0.0,0,0,0,0,0,0,0.0,0,0,0,0,0,0,0.0,0,0.0,0,0,0,0.0,0,0,0,0,0,0,0,0,0,0,0,0.0,0,0,0,0.0,0,0,0
100,0.0,0.0,0,0,0,0,0,0,0,0.0,0.0,0.0,0,0.0,0,0,0,0.0,0,0.0,0,0,0.0,0,0,0,0.0,0,0,0,0,0,0,0.0,0,0,0,0,0,0,0.0,0,0.0,0,0,0,0.0,0,0,0,0,0,0,0,0,0,0,0,0.0,0,0,0,0.0,0,0,0
101,0.0,0.0,0,0,0,0,0,0,0,0.0,0.0,0.0,0,0.0,0,0,0,0.0,0,0.0,0,0,0.0,0,0,0,0.0,0,0,0,0,0,0,0.0,0,0,0,0,0,0,0.0,0,0.0,0,0,0,0.0,0,0,0,0,0,0,0,0,0,0,0,0.0,0,0,0,0.0,0,0,0
102,0.0,0.0,0,0,0,0,0,0,0,0.0,0.0,0.0,0,0.0,0,0,0,0.0,0,0.0,0,0,0.0,0,0,0,0.0,0,0,0,0,0,0,0.0,0,0,0,0,0,0,0.0,0,0.0,0,0,0,0.0,0,0,0,0,0,0,0,0,0,0,0,0.04472395531105452,0,0,0,0.0,0,0,0
103,0.0,0.0,0,0,0,0,0,0,0,0.0,0.0,0.0,0,0.0,0,0,0,0.0,0,0.0,0,0,0.0,0,0,0,0.0,0,0,0,0,0,0,0.0,0,0,0,0,0,0,0.03296164981052397,0,0.0,0,0,0,0.0,0,0,0,0,0,0,0,0,0,0,0,0.0,0,0,0,0.0,0,0,0
104,0.0,0.0,0,0,0,0,0,0,0,0.0,0.0,0.0,0,0.0,0,0,0,0.0,0,0.0,0,0,0.0,0,0,0,0.0,0,0,0,0,0,0,0.0,0,0,0,0,0,0,0.02420311569095677,0,0.0,0,0,0,0.0,0,0,0,0,0,0,0,0,0,0,0,0.0,0,0,0,0.0,0,0,0
105,0.0,0.0,0,0,0,0,0,0,0,0.0,0.0,0.0,0,0.0,0,0,0,0.0,0,0.0,0,0,0.0,0,0,0,0.0,0,0,0,0,0,0,0.0,0,0,0,0,0,0,0.0,0,0.0,0,0,0,0.0,0,0,0,0,0,0,0,0,0,0,0,0.0,0,0,0,0.0,0,0,0
106,0.0,0.0,0,0,0,0,0,0,0,0.0,0.0,0.0,0,0.0,0,0,0,0.0,0,0.0,0,0,0.0,0,0,0,0.0,0,0,0,0,0,0,0.0,0,0,0,0,0,0,0.0,0,0.0,0,0,0,0.0,0,0,0,0,0,0,0,0,0,0,0,0.0,0,0,0,0.0,0,0,0
107,0.0,0.0,0,0,0,0,0,0,0,0.0,0.0,0.0,0,0.0,0,0,0,0.0,0,0.0,0,0,0.0,0,0,0,0.0,0,0,0,0,0,0,0.0,0,0,0,0,0,0,0.0,0,0.007800767197206289,0,0,0,0.0,0,0,0,0,0,0,0,0,0,0,0,0.0,0,0,0,0.0,0,0,0
108,0.0,0.0,0,0,0,0,0,0,0,0.0,0.0,0.0,0,0.0,0,0,0,0.0,0,0.0,0,0,0.0,0,0,0,0.0,0,0,0,0,0,0,0.0,0,0,0,0,0,0,0.0,0,0.0,0,0,0,0.0,0,0,0,0,0,0,0,0,0,0,0,0.0,0,0,0,0.0,0,0,0
109,0.0,0.0,0,0,0,0,0,0,0,0.0,0.0,0.0,0,0.0,0,0,0,0.0,0,0.0,0,0,0.0,0,0,0,0.0,0,0,0,0,0,0,0.0,0,0,0,0,0,0,0.0,0,0.0,0,0,0,0.0,0,0,0,0,0,0,0,0,0,0,0,0.0,0,0,0,0.0,0,0,0
110,0.0,0.0,0,0,0,0,0,0,0,0.0,0.0,0.0,0,0.0,0,0,0,0.0,0,0.0,0,0,0.0,0,0,0,0.0,0,0,0,0,0,0,0.0,0,0,0,0,0,0,0.0,0,0.014459755646546052,0,0,0,0.0,0,0,0,0,0,0,0,0,0,0,0,0.0,0,0,0,0.0,0,0,0
111,0.0,0.0,0,0,0,0,0,0,0,0.0,0.0,0.0,0,0.0,0,0,0,0.0,0,0.0,0,0,0.0,0,0,0,0.0,0,0,0,0,0,0,0.0,0,0,0,0,0,0,0.0,0,0.0,0,0,0,0.0,0,0,0,0,0,0,0,0,0,0,0,0.0,0,0,0,0.0,0,0,0
112,0.0,0.0,0,0,0,0,0,0,0,0.0,0.0,0.0,0,0.0,0,0,0,0.0,0,0.0,0,0,0.0,0,0,0,0.0,0,0,0,0,0,0,0.0,0,0,0,0,0,0,0.0,0,0.0,0,0,0,0.0,0,0,0,0,0,0,0,0,0,0,0,0.0,0,0,0,0.0,0,0,0
113,0.0,0.0,0,0,0,0,0,0,0,0.0,0.0,0.0,0,0.0,0,0,0,0.0,0,0.0,0,0,0.0,0,0,0,0.0,0,0,0,0,0,0,0.0,0,0,0,0,0,0,0.0,0,0.0,0,0,0,0.0,0,0,0,0,0,0,0,0,0,0,0,0.0,0,0,0,0.0,0,0,0
114,0.0,0.0,0,0,0,0,0,0,0,0.0,0.0,0.0,0,0.0,0,0,0,0.0,0,0.0,0,0,0.0,0,0,0,0.0,0,0,0,0,0,0,0.0,0,0,0,0,0,0,0.0,0,0.0,0,0,0,0.0,0,0,0,0,0,0,0,0,0,0,0,0.0,0,0,0,0.0,0,0,0
115,0.0,0.0,0,0,0,0,0,0,0,0.0,0.0,0.0,0,0.0,0,0,0,0.0,0,0.0,0,0,0.0,0,0,0,0.0,0,0,0,0,0,0,0.0,0,0,0,0,0,0,0.0,0,0.0,0,0,0,0.0,0,0,0,0,0,0,0,0,0,0,0,0.0,0,0,0,0.0,0,0,0
116,0.0,0.0,0,0,0,0,0,0,0,0.0,0.0,0.0,0,0.0,0,0,0,0.0,0,0.0,0,0,0.0,0,0,0,0.0,0,0,0,0,0,0,0.0,0,0,0,0,0,0,0.0,0,0.0,0,0,0,0.0,0,0,0,0,0,0,0,0,0,0,0,0.0,0,0,0,0.0,0,0,0
117,0.0,0.0,0,0,0,0,0,0,0,0.0,0.0,0.0,0,0.0,0,0,0,0.0,0,0.0,0,0,0.0,0,0,0,0.0,0,0,0,0,0,0,0.0,0,0,0,0,0,0,0.0,0,0.0,0,0,0,0.0,0,0,0,0,0,0,0,0,0,0,0,0.0,0,0,0,0.0,0,0,0
118,0.0,0.0,0,0,0,0,0,0,0,0.0,0.0,0.0,0,0.0,0,0,0,0.0,0,0.0,0,0,0.0,0,0,0,0.0,0,0,0,0,0,0,0.0,0,0,0,0,0,0,0.0,0,0.0,0,0,0,0.0,0,0,0,0,0,0,0,0,0,0,0,0.0,0,0,0,0.0,0,0,0
119,0.0,0.0,0,0,0,0,0,0,0,0.0,0.0,0.0,0,0.0,0,0,0,0.0,0,0.0,0,0,0.0,0,0,0,0.0,0,0,0,0,0,0,0.0,0,0,0,0,0,0,0.0,0,0.0,0,0,0,0.0,0,0,0,0,0,0,0,0,0,0,0,0.0,0,0,0,0.0,0,0,0
120,0.0,0.0,0,0,0,0,0,0,0,0.0,0.0,0.0,0,0.0,0,0,0,0.0,0,0.0,0,0,0.0,0,0,0,0.0,0,0,0,0,0,0,0.0,0,0,0,0,0,0,0.0,0,0.0,0,0,0,0.0,0,0,0,0,0,0,0,0,0,0,0,0.0,0,0,0,0.0,0,0,0
121,0.0,0.0,0,0,0,0,0,0,0,0.0,0.0,0.0,0,0.0,0,0,0,0.0,0,0.0,0,0,0.0,0,0,0,0.0,0,0,0,0,0,0,0.0,0,0,0,0,0,0,0.0,0,0.0,0,0,0,0.0,0,0,0,0,0,0,0,0,0,0,0,0.0,0,0,0,0.0,0,0,0
122,0.0,0.0,0,0,0,0,0,0,0,0.0,0.0,0.0,0,0.0,0,0,0,0.0,0,0.0,0,0,0.0,0,0,0,0.0,0,0,0,0,0,0,0.0,0,0,0,0,0,0,0.0,0,0.0,0,0,0,0.0,0,0,0,0,0,0,0,0,0,0,0,0.0,0,0,0,0.0,0,0,0
123,0.0,0.0,0,0,0,0,0,0,0,0.0,0.0,0.0,0,0.0,0,0,0,0.0,0,0.0,0,0,0.0,0,0,0,0.0,0,0,0,0,0,0,0.0,0,0,0,0,0,0,0.0,0,0.0,0,0,0,0.0,0,0,0,0,0,0,0,0,0,0,0,0.0,0,0,0,0.0,0,0,0
124,0.0,0.0,0,0,0,0,0,0,0,0.0,0.0,0.0,0,0.0,0,0,0,0.0,0,0.0,0,0,0.0,0,0,0,0.0,0,0,0,0,0,0,0.0,0,0,0,0,0,0,0.029525131534255292,0,0.0,0,0,0,0.0,0,0,0,0,0,0,0,0,0,0,0,0.0,0,0,0,0.0,0,0,0
125,0.0,0.0,0,0,0,0,0,0,0,0.0,0.0,0.0,0,0.0,0,0,0,0.0,0,0.0,0,0,0.0,0,0,0,0.0,0,0,0,0,0,0,0.0,0,0,0,0,0,0,0.0,0,0.0,0,0,0,0.0,0,0,0,0,0,0,0,0,0,0,0,0.0,0,0,0,0.0,0,0,0
126,0.0,0.0,0,0,0,0,0,0,0,0.0,0.0,0.0,0,0.0,0,0,0,0.0,0,0.0,0,0,0.0,0,0,0,0.0,0,0,0,0,0,0,0.0,0,0,0,0,0,0,0.0,0,0.0,0,0,0,0.0,0,0,0,0,0,0,0,0,0,0,0,0.0,0,0,0,0.0,0,0,0
127,0.0,0.0,0,0,0,0,0,0,0,0.0,0.0,0.0,0,0.0,0,0,0,0.0,0,0.0,0,0,0.0,0,0,0,0.0,0,0,0,0,0,0,0.0,0,0,0,0,0,0,0.0,0,0.0,0,0,0,0.0,0,0,0,0,0,0,0,0,0,0,0,0.0,0,0,0,0.0,0,0,0
128,0.0,0.0,0,0,0,0,0,0,0,0.0,0.0,0.0,0,0.0,0,0,0,0.0,0,0.0,0,0,0.0,0,0,0,0.0,0,0,0,0,0,0,0.0,0,0,0,0,0,0,0.0,0,0.0,0,0,0,0.0,0,0,0,0,0,0,0,0,0,0,0,0.0,0,0,0,0.0,0,0,0
129,0.0,0.0,0,0,0,0,0,0,0,0.0,0.0,0.0,0,0.0,0,0,0,0.0,0,0.0,0,0,0.0,0,0,0,0.0,0,0,0,0,0,0,0.0,0,0,0,0,0,0,0.0,0,0.0,0,0,0,0.0,0,0,0,0,0,0,0,0,0,0,0,0.0,0,0,0,0.0,0,0,0
130,0.0,0.0,0,0,0,0,0,0,0,0.0,0.0,0.0,0,0.0,0,0,0,0.0,0,0.0,0,0,0.0,0,0,0,0.0,0,0,0,0,0,0,0.0,0,0,0,0,0,0,0.04698969355707887,0,0.0,0,0,0,0.0,0,0,0,0,0,0,0,0,0,0,0,0.0,0,0,0,0.0,0,0,0
131,0.0,0.0,0,0,0,0,0,0,0,0.0,0.0,0.0,0,0.0,0,0,0,0.0,0,0.0,0,0,0.0,0,0,0,0.0,0,0,0,0,0,0,0.0,0,0,0,0,0,0,0.0,0,0.0,0,0,0,0.030431047691998794,0,0,0,0,0,0,0,0,0,0,0,0.0,0,0,0,0.08491857662538074,0,0,0
132,0.0,0.0,0,0,0,0,0,0,0,0.0,0.0,0.0,0,0.0,0,0,0,0.0,0,0.0,0,0,0.0,0,0,0,0.0,0,0,0,0,0,0,0.0,0,0,0,0,0,0,0.0,0,0.012706523877637418,0,0,0,0.0,0,0,0,0,0,0,0,0,0,0,0,0.022562396640264083,0,0,0,0.0,0,0,0
133,0.0,0.0,0,0,0,0,0,0,0,0.0,0.0,0.0,0,0.0,0,0,0,0.0,0,0.0,0,0,0.09689783671089654,0,0,0,0.0,0,0,0,0,0,0,0.0,0,0,0,0,0,0,0.0,0,0.0,0,0,0,0.0,0,0,0,0,0,0,0,0,0,0,0,0.0,0,0,0,0.0,0,0,0
134,0.0,0.0,0,0,0,0,0,0,0,0.0,0.0,0.0,0,0.0,0,0,0,0.0,0,0.0,0,0,0.0,0,0,0,0.0,0,0,0,0,0,0,0.0,0,0,0,0,0,0,0.0,0,0.0,0,0,0,0.0,0,0,0,0,0,0,0,0,0,0,0,0.0,0,0,0,0.0,0,0,0
135,0.0,0.0,0,0,0,0,0,0,0,0.0,0.0,0.0,0,0.0,0,0,0,0.0,0,0.0,0,0,0.0,0,0,0,0.0,0,0,0,0,0,0,0.0,0,0,0,0,0,0,0.0,0,0.02506857471744278,0,0,0,0.0,0,0,0,0,0,0,0,0,0,0,0,0.0,0,0,0,0.0,0,0,0
136,0.0,0.0,0,0,0,0,0,0,0,0.0,0.0,0.0,0,0.0,0,0,0,0.0,0,0.0,0,0,0.0,0,0,0,0.0,0,0,0,0,0,0,0.0,0,0,0,0,0,0,0.0,0,0.0,0,0,0,0.0,0,0,0,0,0,0,0,0,0,0,0,0.0,0,0,0,0.0,0,0,0
137,0.0,0.0,0,0,0,0,0,0,0,0.0,0.0,0.0,0,0.0,0,0,0,0.0,0,0.0,0,0,0.0,0,0,0,0.0,0,0,0,0,0,0,0.0,0,0,0,0,0,0,0.03612724870166082,0,0.0,0,0,0,0.0,0,0,0,0,0,0,0,0,0,0,0,0.0,0,0,0,0.0,0,0,0
138,0.0,0.0,0,0,0,0,0,0,0,0.0,0.0,0.0,0,0.0,0,0,0,0.0,0,0.0,0,0,0.0,0,0,0,0.0,0,0,0,0,0,0,0.0,0,0,0,0,0,0,0.0,0,0.0,0,0,0,0.0,0,0,0,0,0,0,0,0,0,0,0,0.0,0,0,0,0.0,0,0,0
139,0.0,0.0,0,0,0,0,0,0,0,0.0,0.0,0.0,0,0.0,0,0,0,0.0,0,0.0,0,0,0.0,0,0,0,0.0,0,0,0,0,0,0,0.0,0,0,0,0,0,0,0.0,0,0.0,0,0,0,0.0,0,0,0,0,0,0,0,0,0,0,0,0.0,0,0,0,0.0,0,0,0
140,0.0,0.0,0,0,0,0,0,0,0,0.0,0.0,0.0,0,0.0,0,0,0,0.0,0,0.0,0,0,0.0,0,0,0,0.0,0,0,0,0,0,0,0.0,0,0,0,0,0,0,0.0,0,0.0,0,0,0,0.0,0,0,0,0,0,0,0,0,0,0,0,0.0,0,0,0,0.0,0,0,0
141,0.0,0.0,0,0,0,0,0,0,0,0.0,0.0,0.0,0,0.0,0,0,0,0.0,0,0.0,0,0,0.0,0,0,0,0.0,0,0,0,0,0,0,0.0,0,0,0,0,0,0,0.0,0,0.01701060144875684,0,0,0,0.0,0,0,0,0,0,0,0,0,0,0,0,0.0,0,0,0,0.0,0,0,0
142,0.0,0.0,0,0,0,0,0,0,0,0.0,0.0,0.0,0,0.0,0,0,0,0.0,0,0.0,0,0,0.0,0,0,0,0.0,0,0,0,0,0,0,0.0,0,0,0,0,0,0,0.0,0,0.0,0,0,0,0.0,0,0,0,0,0,0,0,0,0,0,0,0.0,0,0,0,0.0,0,0,0
143,0.0,0.0,0,0,0,0,0,0,0,0.0,0.0,0.0,0,0.0,0,0,0,0.0,0,0.0,0,0,0.0,0,0,0,0.0,0,0,0,0,0,0,0.0,0,0,0,0,0,0,0.0,0,0.0,0,0,0,0.0,0,0,0,0,0,0,0,0,0,0,0,0.0,0,0,0,0.0,0,0,0
144,0.0,0.0,0,0,0,0,0,0,0,0.0,0.0,0.0,0,0.0,0,0,0,0.0,0,0.0,0,0,0.0,0,0,0,0.0,0,0,0,0,0,0,0.0,0,0,0,0,0,0,0.0,0,0.0,0,0,0,0.0,0,0,0,0,0,0,0,0,0,0,0,0.0,0,0,0,0.0,0,0,0
145,0.0,0.0,0,0,0,0,0,0,0,0.0,0.0,0.0,0,0.0,0,0,0,0.0,0,0.0,0,0,0.0,0,0,0,0.0,0,0,0,0,0,0,0.0,0,0,0,0,0,0,0.0630270686751903,0,0.0,0,0,0,0.0,0,0,0,0,0,0,0,0,0,0,0,0.0,0,0,0,0.0,0,0,0
146,0.0,0.0,0,0,0,0,0,0,0,0.0,0.0,0.0,0,0.0,0,0,0,0.0,0,0.0,0,0,0.0,0,0,0,0.0,0,0,0,0,0,0,0.0,0,0,0,0,0,0,0.0,0,0.0,0,0,0,0.0,0,0,0,0,0,0,0,0,0,0,0,0.0,0,0,0,0.0,0,0,0
147,0.0,0.0,0,0,0,0,0,0,0,0.0,0.0,0.0,0,0.0,0,0,0,0.0,0,0.0,0,0,0.0,0,0,0,0.0,0,0,0,0,0,0,0.0,0,0,0,0,0,0,0.0,0,0.020117246918415023,0,0,0,0.0,0,0,0,0,0,0,0,0,0,0,0,0.03572128055275842,0,0,0,0.0,0,0,0
148,0.0,0.0,0,0,0,0,0,0,0,0.0,0.0,0.0,0,0.0,0,0,0,0.0,0,0.0,0,0,0.0,0,0,0,0.0,0,0,0,0,0,0,0.0,0,0,0,0,0,0,0.0,0,0.0,0,0,0,0.0,0,0,0,0,0,0,0,0,0,0,0,0.0,0,0,0,0.0,0,0,0
149,0.0,0.0,0,0,0,0,0,0,0,0.0,0.0,0.0,0,0.0,0,0,0,0.0,0,0.0,0,0,0.0,0,0,0,0.0,0,0,0,0,0,0,0.0,0,0,0,0,0,0,0.0,0,0.0,0,0,0,0.0,0,0,0,0,0,0,0,0,0,0,0,0.0,0,0,0,0.0,0,0,0
150,0.0,0.0,0,0,0,0,0,0,0,0.0,0.0,0.0,0,0.0,0,0,0,0.0,0,0.0,0,0,0.0,0,0,0,0.0,0,0,0,0,0,0,0.0,0,0,0,0,0,0,0.0,0,0.04647479977385958,0,0,0,0.0,0,0,0,0,0,0,0,0,0,0,0,0.0,0,0,0,0.0,0,0,0
151,0.0,0.0,0,0,0,0,0,0,0,0.0,0.0,0.0,0,0.0,0,0,0,0.0,0,0.0,0,0,0.0,0,0,0,0.0,0,0,0,0,0,0,0.0,0,0,0,0,0,0,0.0,0,0.0,0,0,0,0.0,0,0,0,0,0,0,0,0,0,0,0,0.0,0,0,0,0.0,0,0,0
152,0.0,0.0,0,0,0,0,0,0,0,0.0,0.04463359421864025,0.0,0,0.0,0,0,0,0.0,0,0.0,0,0,0.0,0,0,0,0.0,0,0,0,0,0,0,0.0,0,0,0,0,0,0,0.0,0,0.0,0,0,0,0.0,0,0,0,0,0,0,0,0,0,0,0,0.0,0,0,0,0.0,0,0,0
153,0.0,0.0,0,0,0,0,0,0,0,0.0,0.0,0.0,0,0.0,0,0,0,0.0,0,0.0,0,0,0.0,0,0,0,0.0,0,0,0,0,0,0,0.0,0,0,0,0,0,0,0.0,0,0.0,0,0,0,0.0,0,0,0,0,0,0,0,0,0,0,0,0.0,0,0,0,0.0,0,0,0
154,0.0,0.0,0,0,0,0,0,0,0,0.0,0.0,0.0,0,0.0,0,0,0,0.0,0,0.0,0,0,0.0,0,0,0,0.0,0,0,0,0,0,0,0.0,0,0,0,0,0,0,0.0,0,0.0,0,0,0,0.0,0,0,0,0,0,0,0,0,0,0,0,0.0,0,0,0,0.0,0,0,0
155,0.0,0.0,0,0,0,0,0,0,0,0.0,0.0,0.0,0,0.0,0,0,0,0.0,0,0.0,0,0,0.0,0,0,0,0.0,0,0,0,0,0,0,0.0,0,0,0,0,0,0,0.0,0,0.0,0,0,0,0.0,0,0,0,0,0,0,0,0,0,0,0,0.07746072815868602,0,0,0,0.0,0,0,0
156,0.0,0.0,0,0,0,0,0,0,0,0.0,0.0,0.0,0,0.0,0,0,0,0.0,0,0.0,0,0,0.0,0,0,0,0.0,0,0,0,0,0,0,0.0,0,0,0,0,0,0,0.0,0,0.0,0,0,0,0.0,0,0,0,0,0,0,0,0,0,0,0,0.0,0,0,0,0.0,0,0,0
157,0.0,0.0,0,0,0,0,0,0,0,0.0,0.0,0.0,0,0.0,0,0,0,0.0,0,0.0,0,0,0.0,0,0,0,0.0,0,0,0,0,0,0,0.0,0,0,0,0,0,0,0.0,0,0.0,0,0,0,0.0,0,0,0,0,0,0,0,0,0,0,0,0.0,0,0,0,0.0,0,0,0
158,0.0,0.0,0,0,0,0,0,0,0,0.0,0.0,0.0,0,0.0,0,0,0,0.0,0,0.0,0,0,0.0,0,0,0,0.0,0,0,0,0,0,0,0.0,0,0,0,0,0,0,0.0,0,0.0,0,0,0,0.0,0,0,0,0,0,0,0,0,0,0,0,0.0,0,0,0,0.0,0,0,0
159,0.0,0.0,0,0,0,0,0,0,0,0.0,0.0,0.0,0,0.0,0,0,0,0.0,0,0.0,0,0,0.0,0,0,0,0.0,0,0,0,0,0,0,0.0,0,0,0,0,0,0,0.0,0,0.019800531811222592,0,0,0,0.0,0,0,0,0,0,0,0,0,0,0,0,0.0,0,0,0,0.0,0,0,0
160,0.0,0.0,0,0,0,0,0,0,0,0.0,0.0,0.0,0,0.0,0,0,0,0.0,0,0.05929848378354716,0,0,0.0,0,0,0,0.0,0,0,0,0,0,0,0.0,0,0,0,0,0,0,0.0,0,0.0,0,0,0,0.0,0,0,0,0,0,0,0,0,0,0,0,0.0,0,0,0,0.0,0,0,0
161,0.0,0.0,0,0,0,0,0,0,0,0.0,0.0,0.0,0,0.0,0,0,0,0.0,0,0.0,0,0,0.0,0,0,0,0.0,0,0,0,0,0,0,0.0,0,0,0,0,0,0,0.0,0,0.0,0,0,0,0.0,0,0,0,0,0,0,0,0,0,0,0,0.0,0,0,0,0.0,0,0,0
162,0.0,0.0,0,0,0,0,0,0,0,0.0,0.0,0.0,0,0.0,0,0,0,0.0,0,0.0,0,0,0.0,0,0,0,0.0,0,0,0,0,0,0,0.0,0,0,0,0,0,0,0.0,0,0.01953943427659294,0,0,0,0.0,0,0,0,0,0,0,0,0,0,0,0,0.0,0,0,0,0.0,0,0,0
163,0.0,0.0,0,0,0,0,0,0,0,0.0,0.0,0.0,0,0.0,0,0,0,0.0,0,0.0,0,0,0.0,0,0,0,0.0,0,0,0,0,0,0,0.0,0,0,0,0,0,0,0.0,0,0.0,0,0,0,0.0,0,0,0,0,0,0,0,0,0,0,0,0.0,0,0,0,0.0,0,0,0
164,0.0,0.0,0,0,0,0,0,0,0,0.0,0.0,0.0,0,0.0,0,0,0,0.0,0,0.0,0,0,0.0,0,0,0,0.0,0,0,0,0,0,0,0.0,0,0,0,0,0,0,0.0,0,0.0,0,0,0,0.0,0,0,0,0,0,0,0,0,0,0,0,0.0,0,0,0,0.0,0,0,0
165,0.0,0.0,0,0,0,0,0,0,0,0.0,0.0,0.0,0,0.0,0,0,0,0.0,0,0.0,0,0,0.0,0,0,0,0.0,0,0,0,0,0,0,0.0,0,0,0,0,0,0,0.0,0,0.0,0,0,0,0.0,0,0,0,0,0,0,0,0,0,0,0,0.0,0,0,0,0.0,0,0,0
166,0.0,0.0,0,0,0,0,0,0,0,0.0,0.0,0.0,0,0.0,0,0,0,0.0,0,0.0,0,0,0.0,0,0,0,0.0,0,0,0,0,0,0,0.0,0,0,0,0,0,0,0.0,0,0.0,0,0,0,0.0,0,0,0,0,0,0,0,0,0,0,0,0.0,0,0,0,0.0,0,0,0
167,0.0,0.0,0,0,0,0,0,0,0,0.0,0.0,0.0,0,0.0,0,0,0,0.0,0,0.0,0,0,0.0,0,0,0,0.0,0,0,0,0,0,0,0.0,0,0,0,0,0,0,0.0,0,0.0,0,0,0,0.0,0,0,0,0,0,0,0,0,0,0,0,0.0,0,0,0,0.0,0,0,0
168,0.0,0.0,0,0,0,0,0,0,0,0.0,0.0,0.0,0,0.0,0,0,0,0.0,0,0.0,0,0,0.0,0,0,0,0.0,0,0,0,0,0,0,0.0,0,0,0,0,0,0,0.0,0,0.0,0,0,0,0.0,0,0,0,0,0,0,0,0,0,0,0,0.0,0,0,0,0.0,0,0,0
169,0.0,0.0,0,0,0,0,0,0,0,0.0,0.0,0.0,0,0.0,0,0,0,0.0,0,0.0,0,0,0.0,0,0,0,0.0,0,0,0,0,0,0,0.0,0,0,0,0,0,0,0.0,0,0.0,0,0,0,0.11620255779062687,0,0,0,0,0,0,0,0,0,0,0,0.0,0,0,0,0.0,0,0,0
170,0.0,0.0,0,0,0,0,0,0,0,0.0,0.0,0.0,0,0.0,0,0,0,0.0,0,0.0,0,0,0.0,0,0,0,0.0,0,0,0,0,0,0,0.0,0,0,0,0,0,0,0.0,0,0.019370460755295513,0,0,0,0.0,0,0,0,0,0,0,0,0,0,0,0,0.0,0,0,0,0.0,0,0,0
171,0.0,0.0,0,0,0,0,0,0,0,0.0,0.0,0.0,0,0.0,0,0,0,0.0,0,0.0,0,0,0.0,0,0,0,0.0,0,0,0,0,0,0,0.0,0,0,0,0,0,0,0.0,0,0.0,0,0,0,0.0,0,0,0,0,0,0,0,0,0,0,0,0.0,0,0,0,0.0,0,0,0
172,0.0,0.0,0,0,0,0,0,0,0,0.0,0.0,0.0,0,0.0,0,0,0,0.0,0,0.0,0,0,0.0,0,0,0,0.0,0,0,0,0,0,0,0.0,0,0,0,0,0,0,0.0,0,0.0,0,0,0,0.0,0,0,0,0,0,0,0,0,0,0,0,0.0,0,0,0,0.0,0,0,0
173,0.0,0.0,0,0,0,0,0,0,0,0.0,0.0,0.0,0,0.0,0,0,0,0.0,0,0.0,0,0,0.0,0,0,0,0.0,0,0,0,0,0,0,0.0,0,0,0,0,0,0,0.0,0,0.0,0,0,0,0.0,0,0,0,0,0,0,0,0,0,0,0,0.02612281879415973,0,0,0,0.0,0,0,0
174,0.0,0.0,0,0,0,0,0,0,0,0.0,0.0,0.0,0,0.0,0,0,0,0.0,0,0.0,0,0,0.0,0,0,0,0.0,0,0,0,0,0,0,0.0,0,0,0,0,0,0,0.0,0,0.0,0,0,0,0.0,0,0,0,0,0,0,0,0,0,0,0,0.0,0,0,0,0.0,0,0,0
175,0.0,0.0,0,0,0,0,0,0,0,0.0,0.0,0.0,0,0.0,0,0,0,0.0,0,0.0,0,0,0.0,0,0,0,0.0,0,0,0,0,0,0,0.0,0,0,0,0,0,0,0.0,0,0.0,0,0,0,0.0,0,0,0,0,0,0,0,0,0,0,0,0.0,0,0,0,0.0,0,0,0
176,0.0,0.0,0,0,0,0,0,0,0,0.0,0.0,0.0,0,0.0,0,0,0,0.0,0,0.0,0,0,0.0,0,0,0,0.0,0,0,0,0,0,0,0.0,0,0,0,0,0,0,0.0,0,0.05734574233023473,0,0,0,0.0,0,0,0,0,0,0,0,0,0,0,0,0.0,0,0,0,0.0,0,0,0
177,0.0,0.0,0,0,0,0,0,0,0,0.0,0.0,0.0,0,0.0,0,0,0,0.0,0,0.0,0,0,0.0,0,0,0,0.0,0,0,0,0,0,0,0.0,0,0,0,0,0,0,0.0,0,0.01237432706465728,0,0,0,0.0,0,0,0,0,0,0,0,0,0,0,0,0.0,0,0,0,0.0,0,0,0
178,0.0,0.0,0,0,0,0,0,0,0,0.0,0.0,0.0,0,0.0,0,0,0,0.0,0,0.0,0,0,0.0,0,0,0,0.0,0,0,0,0,0,0,0.0,0,0,0,0,0,0,0.0,0,0.0,0,0,0,0.0,0,0,0,0,0,0,0,0,0,0,0,0.0,0,0,0,0.0,0,0,0
179,0.0,0.0,0,0,0,0,0,0,0,0.0,0.0,0.0,0,0.0,0,0,0,0.0,0,0.0,0,0,0.0,0,0,0,0.0,0,0,0,0,0,0,0.0,0,0,0,0,0,0,0.0,0,0.0,0,0,0,0.0,0,0,0,0,0,0,0,0,0,0,0,0.0,0,0,0,0.0,0,0,0
180,0.0,0.0,0,0,0,0,0,0,0,0.0,0.0,0.0,0,0.0,0,0,0,0.0,0,0.0,0,0,0.0,0,0,0,0.0,0,0,0,0,0,0,0.0,0,0,0,0,0,0,0.0,0,0.0,0,0,0,0.0,0,0,0,0,0,0,0,0,0,0,0,0.0,0,0,0,0.0,0,0,0
181,0.0,0.0,0,0,0,0,0,0,0,0.0,0.0,0.0,0,0.0,0,0,0,0.0,0,0.0,0,0,0.0,0,0,0,0.0,0,0,0,0,0,0,0.0,0,0,0,0,0,0,0.0,0,0.0,0,0,0,0.0,0,0,0,0,0,0,0,0,0,0,0,0.0,0,0,0,0.0,0,0,0
182,0.0,0.0,0,0,0,0,0,0,0,0.0,0.0,0.0,0,0.0,0,0,0,0.0,0,0.0,0,0,0.0,0,0,0,0.0,0,0,0,0,0,0,0.0,0,0,0,0,0,0,0.0,0,0.0,0,0,0,0.0,0,0,0,0,0,0,0,0,0,0,0,0.0,0,0,0,0.0,0,0,0
183,0.0,0.0,0,0,0,0,0,0,0,0.0,0.0,0.0,0,0.0,0,0,0,0.0,0,0.0,0,0,0.0,0,0,0,0.0,0,0,0,0,0,0,0.0,0,0,0,0,0,0,0.0,0,0.0,0,0,0,0.0,0,0,0,0,0,0,0,0,0,0,0,0.0,0,0,0,0.0,0,0,0
184,0.0,0.0,0,0,0,0,0,0,0,0.0,0.0,0.0,0,0.0,0,0,0,0.0,0,0.0,0,0,0.0,0,0,0,0.0,0,0,0,0,0,0,0.0,0,0,0,0,0,0,0.0,0,0.0,0,0,0,0.0,0,0,0,0,0,0,0,0,0,0,0,0.0,0,0,0,0.0,0,0,0
185,0.0,0.0,0,0,0,0,0,0,0,0.0,0.0,0.0,0,0.0,0,0,0,0.0,0,0.0,0,0,0.0,0,0,0,0.0,0,0,0,0,0,0,0.0,0,0,0,0,0,0,0.0,0,0.024719258798521736,0,0,0,0.0,0,0,0,0,0,0,0,0,0,0,0,0.0,0,0,0,0.0,0,0,0
186,0.0,0.0,0,0,0,0,0,0,0,0.0,0.0,0.0,0,0.0,0,0,0,0.0,0,0.0,0,0,0.0,0,0,0,0.0,0,0,0,0,0,0,0.0,0,0,0,0,0,0,0.0,0,0.0,0,0,0,0.0,0,0,0,0,0,0,0,0,0,0,0,0.0,0,0,0,0.0,0,0,0
187,0.0,0.0,0,0,0,0,0,0,0,0.0,0.0,0.0,0,0.0,0,0,0,0.0,0,0.0,0,0,0.0,0,0,0,0.0,0,0,0,0,0,0,0.0,0,0,0,0,0,0,0.0,0,0.0,0,0,0,0.0,0,0,0,0,0,0,0,0,0,0,0,0.0,0,0,0,0.0,0,0,0
188,0.0,0.0,0,0,0,0,0,0,0,0.0,0.0,0.0,0,0.0,0,0,0,0.0,0,0.0,0,0,0.0,0,0,0,0.0,0,0,0,0,0,0,0.0,0,0,0,0,0,0,0.0,0,0.0,0,0,0,0.0,0,0,0,0,0,0,0,0,0,0,0,0.0,0,0,0,0.0,0,0,0
189,0.0,0.0,0,0,0,0,0,0,0,0.0,0.0,0.0,0,0.0,0,0,0,0.0,0,0.07522836472730235,0,0,0.0,0,0,0,0.0,0,0,0,0,0,0,0.0,0,0,0,0,0,0,0.0,0,0.08969891730468324,0,0,0,0.0,0,0,0,0,0,0,0,0,0,0,0,0.0,0,0,0,0.0,0,0,0
190,0.0,0.0,0,0,0,0,0,0,0,0.0,0.0,0.0,0,0.0,0,0,0,0.0,0,0.0,0,0,0.0,0,0,0,0.0,0,0,0,0,0,0,0.0,0,0,0,0,0,0,0.0,0,0.041503536269555254,0,0,0,0.0,0,0,0,0,0,0,0,0,0,0,0,0.0,0,0,0,0.0,0,0,0
191,0.0,0.0,0,0,0,0,0,0,0,0.0,0.0,0.0,0,0.0,0,0,0,0.0,0,0.0,0,0,0.0,0,0,0,0.0,0,0,0,0,0,0,0.0,0,0,0,0,0,0,0.0,0,0.028711532299722342,0,0,0,0.0,0,0,0,0,0,0,0,0,0,0,0,0.0,0,0,0,0.0,0,0,0
192,0.0,0.0,0,0,0,0,0,0,0,0.0,0.0,0.0,0,0.0,0,0,0,0.0,0,0.0,0,0,0.0,0,0,0,0.0,0,0,0,0,0,0,0.0,0,0,0,0,0,0,0.0,0,0.0,0,0,0,0.0,0,0,0,0,0,0,0,0,0,0,0,0.0,0,0,0,0.0,0,0,0
193,0.0,0.0,0,0,0,0,0,0,0,0.0,0.0,0.0,0,0.0,0,0,0,0.0,0,0.0,0,0,0.0,0,0,0,0.0,0,0,0,0,0,0,0.0,0,0,0,0,0,0,0.0,0,0.0,0,0,0,0.0,0,0,0,0,0,0,0,0,0,0,0,0.0,0,0,0,0.0,0,0,0
194,0.0,0.0,0,0,0,0,0,0,0,0.0,0.0,0.0,0,0.0,0,0,0,0.0,0,0.0,0,0,0.0,0,0,0,0.0,0,0,0,0,0,0,0.0,0,0,0,0,0,0,0.0,0,0.005769194542186136,0,0,0,0.0,0,0,0,0,0,0,0,0,0,0,0,0.0,0,0,0,0.0,0,0,0
195,0.0,0.0,0,0,0,0,0,0,0,0.0,0.0,0.0,0,0.0,0,0,0,0.0,0,0.0,0,0,0.0,0,0,0,0.0,0,0,0,0,0,0,0.0,0,0,0,0,0,0,0.0,0,0.0,0,0,0,0.0,0,0,0,0,0,0,0,0,0,0,0,0.0,0,0,0,0.0,0,0,0
196,0.0,0.0,0,0,0,0,0,0,0,0.0,0.0,0.0,0,0.0,0,0,0,0.0,0,0.0,0,0,0.0,0,0,0,0.0,0,0,0,0,0,0,0.0,0,0,0,0,0,0,0.0,0,0.0,0,0,0,0.0,0,0,0,0,0,0,0,0,0,0,0,0.0,0,0,0,0.0,0,0,0
197,0.0,0.0,0,0,0,0,0,0,0,0.0,0.0,0.0,0,0.0,0,0,0,0.0,0,0.0,0,0,0.0,0,0,0,0.0,0,0,0,0,0,0,0.0,0,0,0,0,0,0,0.0,0,0.0,0,0,0,0.0,0,0,0,0,0,0,0,0,0,0,0,0.0,0,0,0,0.0,0,0,0
198,0.0,0.0,0,0,0,0,0,0,0,0.0,0.0,0.0,0,0.0,0,0,0,0.0,0,0.0,0,0,0.0,0,0,0,0.0,0,0,0,0,0,0,0.0,0,0,0,0,0,0,0.0,0,0.0342618341677656,0,0,0,0.07913404132820216,0,0,0,0,0,0,0,0,0,0,0,0.0,0,0,0,0.0,0,0,0
199,0.0,0.0,0,0,0,0,0,0,0,0.0,0.0,0.0,0,0.0,0,0,0,0.0,0,0.0,0,0,0.0,0,0,0,0.0,0,0,0,0,0,0,0.0,0,0,0,0,0,0,0.0,0,0.0,0,0,0,0.0,0,0,0,0,0,0,0,0,0,0,0,0.0,0,0,0,0.0,0,0,0
200,0.0,0.0,0,0,0,0,0,0,0,0.0,0.0,0.0,0,0.0,0,0,0,0.0,0,0.0,0,0,0.0,0,0,0,0.0,0,0,0,0,0,0,0.0,0,0,0,0,0,0,0.0,0,0.0,0,0,0,0.0,0,0,0,0,0,0,0,0,0,0,0,0.0,0,0,0,0.0,0,0,0
201,0.0,0.0,0,0,0,0,0,0,0,0.0,0.0,0.0,0,0.0,0,0,0,0.0,0,0.0,0,0,0.0,0,0,0,0.0,0,0,0,0,0,0,0.0,0,0,0,0,0,0,0.0,0,0.0,0,0,0,0.0,0,0,0,0,0,0,0,0,0,0,0,0.0,0,0,0,0.0,0,0,0
202,0.0,0.0,0,0,0,0,0,0,0,0.0,0.0,0.0,0,0.0,0,0,0,0.0,0,0.0,0,0,0.0,0,0,0,0.0,0,0,0,0,0,0,0.0,0,0,0,0,0,0,0.0,0,0.03996946980343587,0,0,0,0.0,0,0,0,0,0,0,0,0,0,0,0,0.0,0,0,0,0.0,0,0,0
203,0.0,0.0,0,0,0,0,0,0,0,0.0,0.0,0.0,0,0.0,0,0,0,0.0,0,0.0,0,0,0.0,0,0,0,0.0,0,0,0,0,0,0,0.0,0,0,0,0,0,0,0.0,0,0.0,0,0,0,0.0,0,0,0,0,0,0,0,0,0,0,0,0.0,0,0,0,0.0,0,0,0
204,0.0,0.0,0,0,0,0,0,0,0,0.0,0.0,0.0,0,0.0,0,0,0,0.0,0,0.0,0,0,0.0,0,0,0,0.0,0,0,0,0,0,0,0.0,0,0,0,0,0,0,0.0,0,0.0,0,0,0,0.0,0,0,0,0,0,0,0,0,0,0,0,0.0,0,0,0,0.0,0,0,0
205,0.0,0.0,0,0,0,0,0,0,0,0.0,0.0,0.0,0,0.0,0,0,0,0.0,0,0.0,0,0,0.0,0,0,0,0.0,0,0,0,0,0,0,0.0,0,0,0,0,0,0,0.0,0,0.0,0,0,0,0.0,0,0,0,0,0,0,0,0,0,0,0,0.0,0,0,0,0.0,0,0,0
206,0.0,0.0,0,0,0,0,0,0,0,0.0,0.0,0.0,0,0.0,0,0,0,0.0,0,0.0,0,0,0.0,0,0,0,0.0,0,0,0,0,0,0,0.0,0,0,0,0,0,0,0.0,0,0.0,0,0,0,0.0,0,0,0,0,0,0,0,0,0,0,0,0.0,0,0,0,0.0,0,0,0
207,0.0,0.0,0,0,0,0,0,0,0,0.0,0.0,0.0,0,0.0,0,0,0,0.0,0,0.0,0,0,0.0,0,0,0,0.0,0,0,0,0,0,0,0.0,0,0,0,0,0,0,0.0,0,0.0,0,0,0,0.0,0,0,0,0,0,0,0,0,0,0,0,0.0,0,0,0,0.0,0,0,0
208,0.0,0.0,0,0,0,0,0,0,0,0.0,0.0,0.0,0,0.0,0,0,0,0.0,0,0.0,0,0,0.0,0,0,0,0.0,0,0,0,0,0,0,0.0,0,0,0,0,0,0,0.0,0,0.009964439452274642,0,0,0,0.0,0,0,0,0,0,0,0,0,0,0,0,0.0,0,0,0,0.0,0,0,0
209,0.0,0.0,0,0,0,0,0,0,0,0.0,0.0,0.0,0,0.0,0,0,0,0.0,0,0.0,0,0,0.0,0,0,0,0.0,0,0,0,0,0,0,0.0,0,0,0,0,0,0,0.0,0,0.0,0,0,0,0.0,0,0,0,0,0,0,0,0,0,0,0,0.0,0,0,0,0.0,0,0,0
210,0.0,0.0,0,0,0,0,0,0,0,0.0,0.0,0.0,0,0.0,0,0,0,0.0,0,0.0,0,0,0.0,0,0,0,0.0,0,0,0,0,0,0,0.0,0,0,0,0,0,0,0.03158454239267599,0,0.0,0,0,0,0.0,0,0,0,0,0,0,0,0,0,0,0,0.0,0,0,0,0.0,0,0,0
211,0.0,0.0,0,0,0,0,0,0,0,0.0,0.0,0.0,0,0.0,0,0,0,0.0,0,0.0,0,0,0.0,0,0,0,0.0,0,0,0,0,0,0,0.0,0,0,0,0,0,0,0.0,0,0.0,0,0,0,0.0,0,0,0,0,0,0,0,0,0,0,0,0.0,0,0,0,0.0,0,0,0
212,0.0,0.0,0,0,0,0,0,0,0,0.0,0.0,0.0,0,0.0,0,0,0,0.0,0,0.0,0,0,0.0,0,0,0,0.0,0,0,0,0,0,0,0.0,0,0,0,0,0,0,0.0,0,0.0,0,0,0,0.0,0,0,0,0,0,0,0,0,0,0,0,0.0,0,0,0,0.0,0,0,0
213,0.0,0.0,0,0,0,0,0,0,0,0.0,0.0,0.0,0,0.0,0,0,0,0.0,0,0.0,0,0,0.0,0,0,0,0.0,0,0,0,0,0,0,0.0,0,0,0,0,0,0,0.0,0,0.0,0,0,0,0.0,0,0,0,0,0,0,0,0,0,0,0,0.0,0,0,0,0.0,0,0,0
214,0.0,0.0,0,0,0,0,0,0,0,0.0,0.0,0.0,0,0.0,0,0,0,0.0,0,0.0,0,0,0.0,0,0,0,0.0,0,0,0,0,0,0,0.0,0,0,0,0,0,0,0.0,0,0.0,0,0,0,0.0,0,0,0,0,0,0,0,0,0,0,0,0.0,0,0,0,0.0,0,0,0
215,0.0,0.06298235115884507,0,0,0,0,0,0,0,0.0,0.0,0.0,0,0.0,0,0,0,0.0,0,0.0,0,0,0.0,0,0,0,0.0,0,0,0,0,0,0,0.0,0,0,0,0,0,0,0.0,0,0.0,0,0,0,0.0,0,0,0,0,0,0,0,0,0,0,0,0.0,0,0,0,0.0,0,0,0
216,0.0,0.0,0,0,0,0,0,0,0,0.0,0.0,0.0,0,0.0,0,0,0,0.0,0,0.0,0,0,0.0,0,0,0,0.0,0,0,0,0,0,0,0.0,0,0,0,0,0,0,0.0,0,0.0,0,0,0,0.0,0,0,0,0,0,0,0,0,0,0,0,0.0,0,0,0,0.0,0,0,0
217,0.0,0.0,0,0,0,0,0,0,0,0.0,0.0,0.0,0,0.0,0,0,0,0.0,0,0.0,0,0,0.0,0,0,0,0.0,0,0,0,0,0,0,0.0,0,0,0,0,0,0,0.0,0,0.03004102581986344,0,0,0,0.0,0,0,0,0,0,0,0,0,0,0,0,0.0,0,0,0,0.0,0,0,0
218,0.0,0.0,0,0,0,0,0,0,0,0.0,0.0,0.0,0,0.0,0,0,0,0.0,0,0.0,0,0,0.0,0,0,0,0.0,0,0,0,0,0,0,0.0,0,0,0,0,0,0,0.0,0,0.0,0,0,0,0.0,0,0,0,0,0,0,0,0,0,0,0,0.0,0,0,0,0.0,0,0,0
219,0.0,0.0,0,0,0,0,0,0,0,0.0,0.0,0.0,0,0.0,0,0,0,0.0,0,0.0,0,0,0.0,0,0,0,0.0,0,0,0,0,0,0,0.0,0,0,0,0,0,0,0.0,0,0.028432875497743162,0,0,0,0.0,0,0,0,0,0,0,0,0,0,0,0,0.0,0,0,0,0.0,0,0,0
220,0.0,0.0,0,0,0,0,0,0,0,0.0,0.0,0.0,0,0.0,0,0,0,0.0,0,0.0,0,0,0.0,0,0,0,0.0,0,0,0,0,0,0,0.0,0,0,0,0,0,0,0.0,0,0.020947915794999408,0,0,0,0.0,0,0,0,0,0,0,0,0,0,0,0,0.0,0,0,0,0.0,0,0,0
221,0.0,0.0,0,0,0,0,0,0,0,0.0,0.0,0.0,0,0.0,0,0,0,0.0,0,0.0,0,0,0.0,0,0,0,0.0,0,0,0,0,0,0,0.0,0,0,0,0,0,0,0.0,0,0.0,0,0,0,0.0,0,0,0,0,0,0,0,0,0,0,0,0.0,0,0,0,0.0,0,0,0
222,0.0,0.0,0,0,0,0,0,0,0,0.0,0.0,0.0,0,0.0,0,0,0,0.0,0,0.0,0,0,0.0,0,0,0,0.0,0,0,0,0,0,0,0.0,0,0,0,0,0,0,0.0,0,0.0,0,0,0,0.0,0,0,0,0,0,0,0,0,0,0,0,0.0,0,0,0,0.0,0,0,0
223,0.0,0.0,0,0,0,0,0,0,0,0.0,0.0,0.0,0,0.0,0,0,0,0.0,0,0.0,0,0,0.0,0,0,0,0.0,0,0,0,0,0,0,0.0,0,0,0,0,0,0,0.0,0,0.0,0,0,0,0.0,0,0,0,0,0,0,0,0,0,0,0,0.0,0,0,0,0.0,0,0,0
224,0.0,0.0,0,0,0,0,0,0,0,0.0,0.0,0.0,0,0.0,0,0,0,0.0,0,0.0,0,0,0.0,0,0,0,0.0,0,0,0,0,0,0,0.0,0,0,0,0,0,0,0.0,0,0.018119606578655852,0,0,0,0.0,0,0,0,0,0,0,0,0,0,0,0,0.0,0,0,0,0.0,0,0,0
225,0.0,0.0,0,0,0,0,0,0,0,0.0,0.0,0.0,0,0.0,0,0,0,0.0,0,0.0,0,0,0.0,0,0,0,0.0,0,0,0,0,0,0,0.0,0,0,0,0,0,0,0.0,0,0.0,0,0,0,0.0,0,0,0,0,0,0,0,0,0,0,0,0.0,0,0,0,0.0,0,0,0
226,0.0,0.0,0,0,0,0,0,0,0,0.0,0.0,0.0,0,0.0,0,0,0,0.0,0,0.0,0,0,0.0,0,0,0,0.0,0,0,0,0,0,0,0.0,0,0,0,0,0,0,0.0,0,0.047577556049543175,0,0,0,0.0,0,0,0,0,0,0,0,0,0,0,0,0.0,0,0,0,0.0,0,0,0
227,0.0,0.0,0,0,0,0,0,0,0,0.0,0.0,0.0,0,0.0,0,0,0,0.0,0,0.0,0,0,0.0,0,0,0,0.0,0,0,0,0,0,0,0.0,0,0,0,0,0,0,0.0,0,0.0,0,0,0,0.0,0,0,0,0,0,0,0,0,0,0,0,0.0,0,0,0,0.0,0,0,0
228,0.0,0.0,0,0,0,0,0,0,0,0.0,0.0,0.0,0,0.0,0,0,0,0.0,0,0.0,0,0,0.0,0,0,0,0.0,0,0,0,0,0,0,0.0,0,0,0,0,0,0,0.0,0,0.0,0,0,0,0.0,0,0,0,0,0,0,0,0,0,0,0,0.0,0,0,0,0.0,0,0,0
229,0.0,0.0,0,0,0,0,0,0,0,0.0,0.0,0.0,0,0.0,0,0,0,0.0,0,0.0,0,0,0.0,0,0,0,0.0,0,0,0,0,0,0,0.0,0,0,0,0,0,0,0.0,0,0.035146794830206926,0,0,0,0.0,0,0,0,0,0,0,0,0,0,0,0,0.0,0,0,0,0.0,0,0,0
230,0.0,0.0,0,0,0,0,0,0,0,0.0,0.0,0.0,0,0.0,0,0,0,0.0,0,0.0,0,0,0.0,0,0,0,0.0,0,0,0,0,0,0,0.0,0,0,0,0,0,0,0.0,0,0.0,0,0,0,0.0,0,0,0,0,0,0,0,0,0,0,0,0.0,0,0,0,0.0,0,0,0
231,0.0,0.0,0,0,0,0,0,0,0,0.0,0.0,0.0,0,0.0,0,0,0,0.0,0,0.0,0,0,0.0,0,0,0,0.0,0,0,0,0,0,0,0.0,0,0,0,0,0,0,0.0,0,0.0,0,0,0,0.0,0,0,0,0,0,0,0,0,0,0,0,0.0,0,0,0,0.0,0,0,0
232,0.0,0.0,0,0,0,0,0,0,0,0.0,0.0,0.0,0,0.0,0,0,0,0.0,0,0.0,0,0,0.0,0,0,0,0.0,0,0,0,0,0,0,0.0,0,0,0,0,0,0,0.051999964876107946,0,0.026943996553057292,0,0,0,0.0,0,0,0,0,0,0,0,0,0,0,0,0.0,0,0,0,0.0,0,0,0
233,0.0,0.0,0,0,0,0,0,0,0,0.0,0.0,0.0,0,0.0,0,0,0,0.0,0,0.0,0,0,0.0,0,0,0,0.0,0,0,0,0,0,0,0.0,0,0,0,0,0,0,0.0,0,0.0,0,0,0,0.0,0,0,0,0,0,0,0,0,0,0,0,0.0,0,0,0,0.0,0,0,0
234,0.0,0.0,0,0,0,0,0,0,0,0.0,0.0,0.0,0,0.0,0,0,0,0.0,0,0.0,0,0,0.0,0,0,0,0.0,0,0,0,0,0,0,0.0,0,0,0,0,0,0,0.0,0,0.0,0,0,0,0.0,0,0,0,0,0,0,0,0,0,0,0,0.0,0,0,0,0.0,0,0,0
235,0.0,0.0,0,0,0,0,0,0,0,0.0,0.0,0.0,0,0.0,0,0,0,0.0,0,0.0,0,0,0.0,0,0,0,0.0,0,0,0,0,0,0,0.0,0,0,0,0,0,0,0.0,0,0.0,0,0,0,0.0,0,0,0,0,0,0,0,0,0,0,0,0.0,0,0,0,0.0,0,0,0
236,0.0,0.0,0,0,0,0,0,0,0,0.0,0.0,0.0,0,0.0,0,0,0,0.0,0,0.0,0,0,0.0,0,0,0,0.0,0,0,0,0,0,0,0.0,0,0,0,0,0,0,0.0,0,0.025187866063050932,0,0,0,0.0,0,0,0,0,0,0,0,0,0,0,0,0.0,0,0,0,0.0,0,0,0
237,0.0,0.0,0,0,0,0,0,0,0,0.0,0.0,0.0,0,0.0,0,0,0,0.0,0,0.0,0,0,0.0,0,0,0,0.0,0,0,0,0,0,0,0.0,0,0,0,0,0,0,0.0,0,0.0,0,0,0,0.0,0,0,0,0,0,0,0,0,0,0,0,0.0,0,0,0,0.0,0,0,0
238,0.0,0.0,0,0,0,0,0,0,0,0.0,0.0,0.0,0,0.0,0,0,0,0.0,0,0.0,0,0,0.0,0,0,0,0.0,0,0,0,0,0,0,0.0,0,0,0,0,0,0,0.0,0,0.0,0,0,0,0.0,0,0,0,0,0,0,0,0,0,0,0,0.0,0,0,0,0.0,0,0,0
239,0.0,0.0,0,0,0,0,0,0,0,0.0,0.0,0.0,0,0.0,0,0,0,0.0,0,0.0,0,0,0.0,0,0,0,0.0,0,0,0,0,0,0,0.0,0,0,0,0,0,0,0.0,0,0.0,0,0,0,0.15264007914497876,0,0,0,0,0,0,0,0,0,0,0,0.0,0,0,0,0.0,0,0,0
240,0.0,0.0,0,0,0,0,0,0,0,0.0,0.0,0.0,0,0.0,0,0,0,0.0,0,0.0,0,0,0.0,0,0,0,0.0,0,0,0,0,0,0,0.0,0,0,0,0,0,0,0.0,0,0.049882080903902726,0,0,0,0.0,0,0,0,0,0,0,0,0,0,0,0,0.0,0,0,0,0.0,0,0,0
241,0.0,0.0,0,0,0,0,0,0,0,0.0,0.0,0.0,0,0.0,0,0,0,0.0,0,0.0,0,0,0.0,0,0,0,0.0,0,0,0,0,0,0,0.0,0,0,0,0,0,0,0.0,0,0.0,0,0,0,0.0,0,0,0,0,0,0,0,0,0,0,0,0.0,0,0,0,0.0,0,0,0
242,0.0,0.0,0,0,0,0,0,0,0,0.0,0.0,0.0,0,0.0,0,0,0,0.0,0,0.0,0,0,0.0,0,0,0,0.0,0,0,0,0,0,0,0.0,0,0,0,0,0,0,0.0,0,0.0,0,0,0,0.0,0,0,0,0,0,0,0,0,0,0,0,0.0,0,0,0,0.0,0,0,0
243,0.0,0.0,0,0,0,0,0,0,0,0.0,0.0,0.0,0,0.0,0,0,0,0.0,0,0.0,0,0,0.0,0,0,0,0.0,0,0,0,0,0,0,0.0,0,0,0,0,0,0,0.0,0,0.027908563554875403,0,0,0,0.0,0,0,0,0,0,0,0,0,0,0,0,0.0,0,0,0,0.0,0,0,0
244,0.0,0.0,0,0,0,0,0,0,0,0.0,0.0,0.0,0,0.0,0,0,0,0.0,0,0.0,0,0,0.0,0,0,0,0.0,0,0,0,0,0,0,0.0,0,0,0,0,0,0,0.06258824563479341,0,0.0,0,0,0,0.0,0,0,0,0,0,0,0,0,0,0,0,0.0,0,0,0,0.0,0,0,0
245,0.0,0.0,0,0,0,0,0,0,0,0.0,0.0,0.0,0,0.0,0,0,0,0.0,0,0.0,0,0,0.0,0,0,0,0.0,0,0,0,0,0,0,0.0,0,0,0,0,0,0,0.0,0,0.0,0,0,0,0.0,0,0,0,0,0,0,0,0,0,0,0,0.0,0,0,0,0.0,0,0,0
246,0.0,0.0,0,0,0,0,0,0,0,0.0,0.0,0.0,0,0.0,0,0,0,0.0,0,0.0,0,0,0.0,0,0,0,0.0,0,0,0,0,0,0,0.0,0,0,0,0,0,0,0.0,0,0.0,0,0,0,0.0,0,0,0,0,0,0,0,0,0,0,0,0.0,0,0,0,0.0,0,0,0
247,0.0,0.0,0,0,0,0,0,0,0,0.0,0.0,0.0,0,0.0,0,0,0,0.0,0,0.0,0,0,0.0,0,0,0,0.0,0,0,0,0,0,0,0.0,0,0,0,0,0,0,0.0,0,0.0,0,0,0,0.0,0,0,0,0,0,0,0,0,0,0,0,0.0,0,0,0,0.0,0,0,0
248,0.0,0.0,0,0,0,0,0,0,0,0.0,0.0,0.0,0,0.0,0,0,0,0.0,0,0.0,0,0,0.0,0,0,0,0.0,0,0,0,0,0,0,0.0,0,0,0,0,0,0,0.0,0,0.008802693352285477,0,0,0,0.0,0,0,0,0,0,0,0,0,0,0,0,0.0,0,0,0,0.0,0,0,0
249,0.0,0.0,0,0,0,0,0,0,0,0.0,0.0,0.0,0,0.0,0,0,0,0.0,0,0.0,0,0,0.0,0,0,0,0.0,0,0,0,0,0,0,0.0,0,0,0,0,0,0,0.0,0,0.0,0,0,0,0.0,0,0,0,0,0,0,0,0,0,0,0,0.0,0,0,0,0.0,0,0,0
250,0.0,0.0,0,0,0,0,0,0,0,0.0,0.0,0.0,0,0.0,0,0,0,0.0,0,0.0,0,0,0.0,0,0,0,0.0,0,0,0,0,0,0,0.0,0,0,0,0,0,0,0.0,0,0.019097592960137966,0,0,0,0.0,0,0,0,0,0,0,0,0,0,0,0,0.0,0,0,0,0.0,0,0,0
251,0.0,0.0,0,0,0,0,0,0,0,0.0,0.0,0.0,0,0.0,0,0,0,0.0,0,0.0,0,0,0.0,0,0,0,0.0,0,0,0,0,0,0,0.0,0,0,0,0,0,0,0.0,0,0.03160361987557952,0,0,0,0.0,0,0,0,0,0,0,0,0,0,0,0,0.0,0,0,0,0.0,0,0,0
252,0.0,0.0,0,0,0,0,0,0,0,0.0,0.0,0.0,0,0.0,0,0,0,0.0,0,0.0,0,0,0.0,0,0,0,0.0,0,0,0,0,0,0,0.0,0,0,0,0,0,0,0.0,0,0.03605334300903884,0,0,0,0.0,0,0,0,0,0,0,0,0,0,0,0,0.0,0,0,0,0.0,0,0,0
253,0.0,0.0,0,0,0,0,0,0,0,0.0,0.0,0.0,0,0.0,0,0,0,0.0,0,0.0,0,0,0.0,0,0,0,0.0,0,0,0,0,0,0,0.0,0,0,0,0,0,0,0.0,0,0.0,0,0,0,0.0,0,0,0,0,0,0,0,0,0,0,0,0.0,0,0,0,0.0,0,0,0
254,0.0,0.0,0,0,0,0,0,0,0,0.0,0.0,0.0,0,0.0,0,0,0,0.0,0,0.0,0,0,0.0,0,0,0,0.0,0,0,0,0,0,0,0.0,0,0,0,0,0,0,0.05783280821528453,0,0.0,0,0,0,0.0,0,0,0,0,0,0,0,0,0,0,0,0.0,0,0,0,0.0,0,0,0
255,0.0,0.0,0,0,0,0,0,0,0,0.0,0.0,0.0,0,0.0,0,0,0,0.0,0,0.0,0,0,0.0,0,0,0,0.0,0,0,0,0,0,0,0.0,0,0,0,0,0,0,0.0,0,0.01367615169394838,0,0,0,0.0,0,0,0,0,0,0,0,0,0,0,0,0.0,0,0,0,0.0,0,0,0
256,0.0,0.0,0,0,0,0,0,0,0,0.0,0.0,0.0,0,0.0,0,0,0,0.0,0,0.0,0,0,0.0,0,0,0,0.0,0,0,0,0,0,0,0.0,0,0,0,0,0,0,0.030759289165012058,0,0.01593805271236578,0,0,0,0.0,0,0,0,0,0,0,0,0,0,0,0,0.0,0,0,0,0.0,0,0,0
257,0.0,0.0,0,0,0,0,0,0,0,0.0,0.0,0.0,0,0.0,0,0,0,0.0,0,0.0,0,0,0.0,0,0,0,0.0,0,0,0,0,0,0,0.0,0,0,0,0,0,0,0.0,0,0.0,0,0,0,0.0,0,0,0,0,0,0,0,0,0,0,0,0.1149057654775669,0,0,0,0.0,0,0,0
258,0.0,0.0,0,0,0,0,0,0,0,0.0,0.0,0.0,0,0.0,0,0,0,0.0,0,0.10018775976460054,0,0,0.0,0,0,0,0.0,0,0,0,0,0,0,0.0,0,0,0,0,0,0,0.0,0,0.0,0,0,0,0.0,0,0,0,0,0,0,0,0,0,0,0,0.0,0,0,0,0.0,0,0,0
259,0.0,0.0,0,0,0,0,0,0,0,0.0,0.0,0.0,0,0.0,0,0,0,0.0,0,0.0,0,0,0.0,0,0,0,0.0,0,0,0,0,0,0,0.0,0,0,0,0,0,0,0.0,0,0.0,0,0,0,0.07563506337988904,0,0,0,0,0,0,0,0,0,0,0,0.0,0,0,0,0.0,0,0,0
260,0.0,0.0,0,0,0,0,0,0,0,0.0,0.0,0.0,0,0.0,0,0,0,0.0,0,0.0,0,0,0.0,0,0,0,0.0,0,0,0,0,0,0,0.0,0,0,0,0,0,0,0.0,0,0.0,0,0,0,0.0,0,0,0,0,0,0,0,0,0,0,0,0.0,0,0,0,0.0,0,0,0
261,0.0,0.0,0,0,0,0,0,0,0,0.0,0.0,0.0,0,0.0,0,0,0,0.0,0,0.0,0,0,0.0,0,0,0,0.0,0,0,0,0,0,0,0.0,0,0,0,0,0,0,0.0,0,0.0,0,0,0,0.0,0,0,0,0,0,0,0,0,0,0,0,0.0,0,0,0,0.0,0,0,0
262,0.0,0.0,0,0,0,0,0,0,0,0.0,0.0,0.0,0,0.0,0,0,0,0.0,0,0.0,0,0,0.0,0,0,0,0.0,0,0,0,0,0,0,0.0,0,0,0,0,0,0,0.0,0,0.0,0,0,0,0.0,0,0,0,0,0,0,0,0,0,0,0,0.0,0,0,0,0.0,0,0,0
263,0.0,0.0,0,0,0,0,0,0,0,0.0,0.0,0.0,0,0.0,0,0,0,0.0,0,0.0,0,0,0.0,0,0,0,0.0,0,0,0,0,0,0,0.0,0,0,0,0,0,0,0.0,0,0.04083320489900326,0,0,0,0.0,0,0,0,0,0,0,0,0,0,0,0,0.024168555037723572,0,0,0,0.0,0,0,0
264,0.0,0.0,0,0,0,0,0,0,0,0.025057971050007805,0.0,0.0,0,0.0,0,0,0,0.0,0,0.0,0,0,0.0,0,0,0,0.0,0,0,0,0,0,0,0.0,0,0,0,0,0,0,0.0,0,0.027432776921070243,0,0,0,0.0,0,0,0,0,0,0,0,0,0,0,0,0.016237044838737686,0,0,0,0.0,0,0,0
265,0.0,0.0,0,0,0,0,0,0,0,0.0,0.0,0.0,0,0.0,0,0,0,0.0,0,0.0,0,0,0.0,0,0,0,0.0,0,0,0,0,0,0,0.0,0,0,0,0,0,0,0.0,0,0.0,0,0,0,0.0,0,0,0,0,0,0,0,0,0,0,0,0.0,0,0,0,0.0,0,0,0
266,0.0,0.0,0,0,0,0,0,0,0,0.0,0.0,0.0,0,0.0,0,0,0,0.0,0,0.0,0,0,0.0,0,0,0,0.0,0,0,0,0,0,0,0.0,0,0,0,0,0,0,0.0,0,0.0,0,0,0,0.0,0,0,0,0,0,0,0,0,0,0,0,0.0,0,0,0,0.0,0,0,0
267,0.0,0.0,0,0,0,0,0,0,0,0.0,0.0,0.0,0,0.0,0,0,0,0.0,0,0.0,0,0,0.0,0,0,0,0.0,0,0,0,0,0,0,0.0,0,0,0,0,0,0,0.0,0,0.02634618984385248,0,0,0,0.0,0,0,0,0,0,0,0,0,0,0,0,0.0,0,0,0,0.0,0,0,0
268,0.0,0.0,0,0,0,0,0,0,0,0.0,0.0,0.0,0,0.0,0,0,0,0.0,0,0.0,0,0,0.0,0,0,0,0.0,0,0,0,0,0,0,0.0,0,0,0,0,0,0,0.0,0,0.0,0,0,0,0.0,0,0,0,0,0,0,0,0,0,0,0,0.0,0,0,0,0.0,0,0,0
269,0.0,0.0,0,0,0,0,0,0,0,0.0,0.0,0.0,0,0.0,0,0,0,0.0,0,0.0,0,0,0.0,0,0,0,0.0,0,0,0,0,0,0,0.0,0,0,0,0,0,0,0.0,0,0.04180016611490885,0,0,0,0.0,0,0,0,0,0,0,0,0,0,0,0,0.0,0,0,0,0.0,0,0,0
270,0.0,0.0,0,0,0,0,0,0,0,0.0,0.0,0.0,0,0.0,0,0,0,0.0,0,0.0,0,0,0.0,0,0,0,0.0,0,0,0,0,0,0,0.0,0,0,0,0,0,0,0.0,0,0.0,0,0,0,0.0,0,0,0,0,0,0,0,0,0,0,0,0.0,0,0,0,0.0,0,0,0
271,0.0,0.0,0,0,0,0,0,0,0,0.0,0.0,0.0,0,0.0,0,0,0,0.0,0,0.0,0,0,0.0,0,0,0,0.0,0,0,0,0,0,0,0.0,0,0,0,0,0,0,0.0,0,0.0,0,0,0,0.0,0,0,0,0,0,0,0,0,0,0,0,0.0,0,0,0,0.0,0,0,0
272,0.0,0.0,0,0,0,0,0,0,0,0.0,0.0,0.0,0,0.0,0,0,0,0.0,0,0.0,0,0,0.0,0,0,0,0.0,0,0,0,0,0,0,0.0,0,0,0,0,0,0,0.0,0,0.0,0,0,0,0.0,0,0,0,0,0,0,0,0,0,0,0,0.0,0,0,0,0.0,0,0,0
273,0.0,0.0,0,0,0,0,0,0,0,0.0,0.0,0.0,0,0.0,0,0,0,0.0,0,0.0,0,0,0.0,0,0,0,0.0,0,0,0,0,0,0,0.0,0,0,0,0,0,0,0.0,0,0.0,0,0,0,0.0,0,0,0,0,0,0,0,0,0,0,0,0.008881545991504352,0,0,0,0.0,0,0,0
274,0.0,0.0,0,0,0,0,0,0,0,0.0,0.0,0.0,0,0.0,0,0,0,0.0,0,0.0,0,0,0.0,0,0,0,0.0,0,0,0,0,0,0,0.0,0,0,0,0,0,0,0.0,0,0.0,0,0,0,0.0,0,0,0,0,0,0,0,0,0,0,0,0.0,0,0,0,0.0,0,0,0
275,0.0,0.0,0,0,0,0,0,0,0,0.0,0.0,0.0,0,0.0,0,0,0,0.0,0,0.0,0,0,0.0,0,0,0,0.0,0,0,0,0,0,0,0.0,0,0,0,0,0,0,0.0,0,0.0,0,0,0,0.0,0,0,0,0,0,0,0,0,0,0,0,0.0,0,0,0,0.0,0,0,0
276,0.0,0.0,0,0,0,0,0,0,0,0.0,0.0,0.0,0,0.0,0,0,0,0.0,0,0.0,0,0,0.0,0,0,0,0.0,0,0,0,0,0,0,0.0,0,0,0,0,0,0,0.0,0,0.02340955544926049,0,0,0,0.0,0,0,0,0,0,0,0,0,0,0,0,0.0,0,0,0,0.0,0,0,0
277,0.0,0.0,0,0,0,0,0,0,0,0.0,0.0,0.0,0,0.0,0,0,0,0.0,0,0.0,0,0,0.0,0,0,0,0.0,0,0,0,0,0,0,0.0,0,0,0,0,0,0,0.0,0,0.0,0,0,0,0.0,0,0,0,0,0,0,0,0,0,0,0,0.0,0,0,0,0.0,0,0,0
278,0.0,0.0,0,0,0,0,0,0,0,0.0,0.0,0.0,0,0.0,0,0,0,0.0,0,0.0,0,0,0.0,0,0,0,0.0,0,0,0,0,0,0,0.0,0,0,0,0,0,0,0.0,0,0.14241437379592065,0,0,0,0.0,0,0,0,0,0,0,0,0,0,0,0,0.0,0,0,0,0.0,0,0,0
279,0.0,0.0,0,0,0,0,0,0,0,0.0,0.0,0.0,0,0.0,0,0,0,0.0,0,0.0,0,0,0.0,0,0,0,0.0,0,0,0,0,0,0,0.0,0,0,0,0,0,0,0.0,0,0.0,0,0,0,0.0,0,0,0,0,0,0,0,0,0,0,0,0.0,0,0,0,0.0,0,0,0
280,0.0,0.0,0,0,0,0,0,0,0,0.0,0.0,0.0,0,0.0,0,0,0,0.0,0,0.0,0,0,0.0,0,0,0,0.0,0,0,0,0,0,0,0.0,0,0,0,0,0,0,0.0,0,0.0,0,0,0,0.0,0,0,0,0,0,0,0,0,0,0,0,0.0,0,0,0,0.0,0,0,0
281,0.0,0.0,0,0,0,0,0,0,0,0.0,0.0,0.0,0,0.0,0,0,0,0.0,0,0.0,0,0,0.0,0,0,0,0.0,0,0,0,0,0,0,0.0,0,0,0,0,0,0,0.0,0,0.0,0,0,0,0.0,0,0,0,0,0,0,0,0,0,0,0,0.0,0,0,0,0.0,0,0,0
282,0.0,0.0,0,0,0,0,0,0,0,0.0,0.0,0.0,0,0.0,0,0,0,0.0,0,0.0,0,0,0.0,0,0,0,0.0,0,0,0,0,0,0,0.0,0,0,0,0,0,0,0.0,0,0.0,0,0,0,0.0,0,0,0,0,0,0,0,0,0,0,0,0.0,0,0,0,0.0,0,0,0
283,0.0,0.0,0,0,0,0,0,0,0,0.0,0.0,0.0,0,0.0,0,0,0,0.0,0,0.0,0,0,0.0,0,0,0,0.0,0,0,0,0,0,0,0.0,0,0,0,0,0,0,0.0,0,0.0,0,0,0,0.0,0,0,0,0,0,0,0,0,0,0,0,0.0,0,0,0,0.0,0,0,0
284,0.0,0.0,0,0,0,0,0,0,0,0.0,0.0,0.0,0,0.0,0,0,0,0.0,0,0.0,0,0,0.0,0,0,0,0.0,0,0,0,0,0,0,0.0,0,0,0,0,0,0,0.0,0,0.0,0,0,0,0.0,0,0,0,0,0,0,0,0,0,0,0,0.0,0,0,0,0.0,0,0,0
285,0.0,0.0,0,0,0,0,0,0,0,0.0,0.0,0.0,0,0.0,0,0,0,0.0,0,0.0,0,0,0.0,0,0,0,0.0,0,0,0,0,0,0,0.0,0,0,0,0,0,0,0.0,0,0.0,0,0,0,0.0,0,0,0,0,0,0,0,0,0,0,0,0.0,0,0,0,0.0,0,0,0
286,0.0,0.0,0,0,0,0,0,0,0,0.0,0.0,0.0,0,0.0,0,0,0,0.0,0,0.0,0,0,0.0,0,0,0,0.0,0,0,0,0,0,0,0.0,0,0,0,0,0,0,0.0,0,0.0,0,0,0,0.0,0,0,0,0,0,0,0,0,0,0,0,0.0,0,0,0,0.0,0,0,0
287,0.0,0.0,0,0,0,0,0,0,0,0.0,0.0,0.0,0,0.0,0,0,0,0.0,0,0.0,0,0,0.0,0,0,0,0.0,0,0,0,0,0,0,0.0,0,0,0,0,0,0,0.0,0,0.0,0,0,0,0.0,0,0,0,0,0,0,0,0,0,0,0,0.0,0,0,0,0.0,0,0,0
288,0.0,0.0,0,0,0,0,0,0,0,0.0,0.0,0.0,0,0.0,0,0,0,0.0,0,0.0,0,0,0.0,0,0,0,0.0,0,0,0,0,0,0,0.0,0,0,0,0,0,0,0.0,0,0.0,0,0,0,0.0,0,0,0,0,0,0,0,0,0,0,0,0.0,0,0,0,0.0,0,0,0
289,0.0,0.0,0,0,0,0,0,0,0,0.0,0.0,0.0,0,0.0,0,0,0,0.0,0,0.0,0,0,0.0,0,0,0,0.0,0,0,0,0,0,0,0.0,0,0,0,0,0,0,0.0,0,0.0,0,0,0,0.0,0,0,0,0,0,0,0,0,0,0,0,0.0,0,0,0,0.0,0,0,0
290,0.0,0.0,0,0,0,0,0,0,0,0.0,0.0,0.0,0,0.0,0,0,0,0.0,0,0.0,0,0,0.0,0,0,0,0.0,0,0,0,0,0,0,0.0,0,0,0,0,0,0,0.0,0,0.0,0,0,0,0.0,0,0,0,0,0,0,0,0,0,0,0,0.0,0,0,0,0.0,0,0,0
291,0.0,0.0,0,0,0,0,0,0,0,0.0,0.0,0.050302985977605894,0,0.0,0,0,0,0.0,0,0.0,0,0,0.0,0,0,0,0.0,0,0,0,0,0,0,0.0,0,0,0,0,0,0,0.0,0,0.0,0,0,0,0.0,0,0,0,0,0,0,0,0,0,0,0,0.0,0,0,0,0.0,0,0,0
292,0.0,0.0,0,0,0,0,0,0,0,0.0,0.0,0.0,0,0.0,0,0,0,0.0,0,0.0,0,0,0.0,0,0,0,0.0,0,0,0,0,0,0,0.0,0,0,0,0,0,0,0.0,0,0.0,0,0,0,0.0,0,0,0,0,0,0,0,0,0,0,0,0.0,0,0,0,0.0,0,0,0
293,0.0,0.0,0,0,0,0,0,0,0,0.0,0.0,0.0,0,0.0,0,0,0,0.0,0,0.0,0,0,0.0,0,0,0,0.0,0,0,0,0,0,0,0.0,0,0,0,0,0,0,0.0,0,0.0,0,0,0,0.0,0,0,0,0,0,0,0,0,0,0,0,0.0,0,0,0,0.0,0,0,0
294,0.0,0.0,0,0,0,0,0,0,0,0.0,0.0,0.0,0,0.0,0,0,0,0.0,0,0.0,0,0,0.0,0,0,0,0.0,0,0,0,0,0,0,0.0,0,0,0,0,0,0,0.0,0,0.0,0,0,0,0.0,0,0,0,0,0,0,0,0,0,0,0,0.0,0,0,0,0.0,0,0,0
295,0.0,0.0,0,0,0,0,0,0,0,0.0,0.0,0.0,0,0.0,0,0,0,0.0,0,0.0,0,0,0.0,0,0,0,0.0,0,0,0,0,0,0,0.0,0,0,0,0,0,0,0.0,0,0.0,0,0,0,0.0,0,0,0,0,0,0,0,0,0,0,0,0.0,0,0,0,0.0,0,0,0
296,0.0,0.0,0,0,0,0,0,0,0,0.0,0.0,0.0,0,0.0,0,0,0,0.0,0,0.0,0,0,0.0,0,0,0,0.0,0,0,0,0,0,0,0.0,0,0,0,0,0,0,0.0,0,0.0,0,0,0,0.0,0,0,0,0,0,0,0,0,0,0,0,0.0,0,0,0,0.0,0,0,0
297,0.0,0.0,0,0,0,0,0,0,0,0.0,0.0,0.0,0,0.0,0,0,0,0.0,0,0.0,0,0,0.0,0,0,0,0.0,0,0,0,0,0,0,0.0,0,0,0,0,0,0,0.0,0,0.022236526201080457,0,0,0,0.0,0,0,0,0,0,0,0,0,0,0,0,0.0,0,0,0,0.0,0,0,0
298,0.0,0.0,0,0,0,0,0,0,0,0.0,0.0,0.0,0,0.0,0,0,0,0.0,0,0.0,0,0,0.0,0,0,0,0.0,0,0,0,0,0,0,0.0,0,0,0,0,0,0,0.0,0,0.026066421879602297,0,0,0,0.0,0,0,0,0,0,0,0,0,0,0,0,0.0,0,0,0,0.0,0,0,0
299,0.0,0.0,0,0,0,0,0,0,0,0.0,0.0,0.0,0,0.0,0,0,0,0.0,0,0.0,0,0,0.0,0,0,0,0.0,0,0,0,0,0,0,0.0,0,0,0,0,0,0,0.0,0,0.01158291385169118,0,0,0,0.0,0,0,0,0,0,0,0,0,0,0,0,0.0,0,0,0,0.0,0,0,0
300,0.0,0.0,0,0,0,0,0,0,0,0.0,0.0,0.0,0,0.0,0,0,0,0.0,0,0.0,0,0,0.0,0,0,0,0.0,0,0,0,0,0,0,0.0,0,0,0,0,0,0,0.0,0,0.0,0,0,0,0.0,0,0,0,0,0,0,0,0,0,0,0,0.0,0,0,0,0.0,0,0,0
301,0.0,0.0,0,0,0,0,0,0,0,0.0,0.0,0.0,0,0.0,0,0,0,0.0,0,0.0,0,0,0.0,0,0,0,0.0,0,0,0,0,0,0,0.0,0,0,0,0,0,0,0.0,0,0.00899551429969327,0,0,0,0.0,0,0,0,0,0,0,0,0,0,0,0,0.0,0,0,0,0.0,0,0,0
302,0.0,0.0,0,0,0,0,0,0,0,0.0,0.0,0.0,0,0.0,0,0,0,0.0,0,0.0,0,0,0.0,0,0,0,0.0,0,0,0,0,0,0,0.0,0,0,0,0,0,0,0.0,0,0.0,0,0,0,0.0,0,0,0,0,0,0,0,0,0,0,0,0.07256255104741147,0,0,0,0.0,0,0,0
303,0.0,0.0,0,0,0,0,0,0,0,0.0,0.0,0.0,0,0.0,0,0,0,0.0,0,0.0,0,0,0.0,0,0,0,0.0,0,0,0,0,0,0,0.0,0,0,0,0,0,0,0.0,0,0.0,0,0,0,0.0,0,0,0,0,0,0,0,0,0,0,0,0.0,0,0,0,0.0,0,0,0
304,0.0,0.0,0,0,0,0,0,0,0,0.0,0.0,0.0,0,0.0,0,0,0,0.0,0,0.0,0,0,0.0,0,0,0,0.0,0,0,0,0,0,0,0.0,0,0,0,0,0,0,0.0,0,0.0,0,0,0,0.0,0,0,0,0,0,0,0,0,0,0,0,0.0,0,0,0,0.0,0,0,0
305,0.0,0.0,0,0,0,0,0,0,0,0.0,0.0,0.0,0,0.0,0,0,0,0.0,0,0.0,0,0,0.0,0,0,0,0.0,0,0,0,0,0,0,0.0,0,0,0,0,0,0,0.0,0,0.0,0,0,0,0.0,0,0,0,0,0,0,0,0,0,0,0,0.0,0,0,0,0.0,0,0,0
306,0.0,0.0,0,0,0,0,0,0,0,0.0,0.0,0.0,0,0.0,0,0,0,0.0,0,0.0,0,0,0.0,0,0,0,0.0,0,0,0,0,0,0,0.0,0,0,0,0,0,0,0.0,0,0.040150186884739515,0,0,0,0.0,0,0,0,0,0,0,0,0,0,0,0,0.0,0,0,0,0.0,0,0,0
307,0.0,0.0,0,0,0,0,0,0,0,0.0,0.0,0.0,0,0.0,0,0,0,0.0,0,0.0,0,0,0.0,0,0,0,0.0,0,0,0,0,0,0,0.0,0,0,0,0,0,0,0.0,0,0.0183597675543463,0,0,0,0.0,0,0,0,0,0,0,0,0,0,0,0,0.0,0,0,0,0.0,0,0,0
308,0.0,0.0,0,0,0,0,0,0,0,0.0,0.0,0.0,0,0.0,0,0,0,0.0,0,0.0,0,0,0.0,0,0,0,0.0,0,0,0,0,0,0,0.0,0,0,0,0,0,0,0.0,0,0.0,0,0,0,0.0,0,0,0,0,0,0,0,0,0,0,0,0.0,0,0,0,0.0,0,0,0
309,0.0,0.0,0,0,0,0,0,0,0,0.0,0.0,0.0,0,0.0,0,0,0,0.0,0,0.0,0,0,0.0,0,0,0,0.0,0,0,0,0,0,0,0.0,0,0,0,0,0,0,0.0,0,0.012048670786901477,0,0,0,0.0,0,0,0,0,0,0,0,0,0,0,0,0.0,0,0,0,0.0,0,0,0
310,0.0,0.0,0,0,0,0,0,0,0,0.0,0.0,0.0,0,0.0,0,0,0,0.05475036625000552,0,0.0,0,0,0.0,0,0,0,0.0,0,0,0,0,0,0,0.0,0,0,0,0,0,0,0.0,0,0.0,0,0,0,0.0,0,0,0,0,0,0,0,0,0,0,0,0.0,0,0,0,0.0,0,0,0
311,0.0,0.0,0,0,0,0,0,0,0,0.0,0.0,0.0,0,0.0,0,0,0,0.0,0,0.0,0,0,0.0,0,0,0,0.0,0,0,0,0,0,0,0.0,0,0,0,0,0,0,0.0,0,0.0,0,0,0,0.0,0,0,0,0,0,0,0,0,0,0,0,0.01727677606012276,0,0,0,0.0,0,0,0
312,0.0,0.0,0,0,0,0,0,0,0,0.0,0.0,0.0,0,0.0,0,0,0,0.0,0,0.0,0,0,0.0,0,0,0,0.0,0,0,0,0,0,0,0.0,0,0,0,0,0,0,0.0,0,0.026913925217380216,0,0,0,0.0,0,0,0,0,0,0,0,0,0,0,0,0.0,0,0,0,0.0,0,0,0
313,0.0,0.0,0,0,0,0,0,0,0,0.0,0.0,0.0,0,0.0,0,0,0,0.0,0,0.0,0,0,0.0,0,0,0,0.0,0,0,0,0,0,0,0.0,0,0,0,0,0,0,0.0,0,0.0,0,0,0,0.0,0,0,0,0,0,0,0,0,0,0,0,0.0,0,0,0,0.0,0,0,0
314,0.0,0.0,0,0,0,0,0,0,0,0.0,0.0,0.0,0,0.0,0,0,0,0.0,0,0.0,0,0,0.0,0,0,0,0.0,0,0,0,0,0,0,0.0,0,0,0,0,0,0,0.0,0,0.0,0,0,0,0.0,0,0,0,0,0,0,0,0,0,0,0,0.0,0,0,0,0.0,0,0,0
315,0.0,0.0,0,0,0,0,0,0,0,0.0,0.0,0.0,0,0.0,0,0,0,0.0,0,0.0,0,0,0.0,0,0,0,0.0,0,0,0,0,0,0,0.0,0,0,0,0,0,0,0.0,0,0.0,0,0,0,0.0,0,0,0,0,0,0,0,0,0,0,0,0.0,0,0,0,0.0,0,0,0
316,0.0,0.0,0,0,0,0,0,0,0,0.0,0.0,0.0,0,0.0,0,0,0,0.0,0,0.0,0,0,0.0,0,0,0,0.0,0,0,0,0,0,0,0.0,0,0,0,0,0,0,0.0,0,0.0,0,0,0,0.0,0,0,0,0,0,0,0,0,0,0,0,0.0,0,0,0,0.0,0,0,0
317,0.0,0.0,0,0,0,0,0,0,0,0.0,0.0,0.0,0,0.0,0,0,0,0.0,0,0.0,0,0,0.0,0,0,0,0.0,0,0,0,0,0,0,0.0,0,0,0,0,0,0,0.0,0,0.0,0,0,0,0.0,0,0,0,0,0,0,0,0,0,0,0,0.0,0,0,0,0.0,0,0,0
318,0.0,0.0,0,0,0,0,0,0,0,0.0,0.0,0.0,0,0.0,0,0,0,0.0,0,0.0,0,0,0.0,0,0,0,0.0,0,0,0,0,0,0,0.0,0,0,0,0,0,0,0.0,0,0.0,0,0,0,0.0,0,0,0,0,0,0,0,0,0,0,0,0.0,0,0,0,0.0,0,0,0
319,0.0,0.0,0,0,0,0,0,0,0,0.0,0.0,0.0,0,0.0,0,0,0,0.0,0,0.0,0,0,0.0,0,0,0,0.0,0,0,0,0,0,0,0.0,0,0,0,0,0,0,0.0,0,0.008315914405039204,0,0,0,0.0,0,0,0,0,0,0,0,0,0,0,0,0.0,0,0,0,0.0,0,0,0
320,0.0,0.0,0,0,0,0,0,0,0,0.0,0.0,0.0,0,0.0,0,0,0,0.0,0,0.0,0,0,0.0,0,0,0,0.0,0,0,0,0,0,0,0.0,0,0,0,0,0,0,0.0,0,0.0,0,0,0,0.0,0,0,0,0,0,0,0,0,0,0,0,0.0,0,0,0,0.0,0,0,0
321,0.0,0.0,0,0,0,0,0,0,0,0.0,0.0,0.0,0,0.0,0,0,0,0.0,0,0.0,0,0,0.0,0,0,0,0.0,0,0,0,0,0,0,0.0,0,0,0,0,0,0,0.0,0,0.0,0,0,0,0.0,0,0,0,0,0,0,0,0,0,0,0,0.0,0,0,0,0.0,0,0,0
322,0.0,0.0,0,0,0,0,0,0,0,0.0,0.0,0.0,0,0.0,0,0,0,0.0,0,0.0,0,0,0.0,0,0,0,0.0,0,0,0,0,0,0,0.0,0,0,0,0,0,0,0.0,0,0.0,0,0,0,0.0,0,0,0,0,0,0,0,0,0,0,0,0.0,0,0,0,0.0,0,0,0
323,0.0,0.0,0,0,0,0,0,0,0,0.0,0.0,0.0,0,0.0,0,0,0,0.0,0,0.0,0,0,0.0,0,0,0,0.0,0,0,0,0,0,0,0.0,0,0,0,0,0,0,0.0,0,0.02309857252265657,0,0,0,0.0,0,0,0,0,0,0,0,0,0,0,0,0.0,0,0,0,0.0,0,0,0
324,0.0,0.0,0,0,0,0,0,0,0,0.0,0.0,0.0,0,0.0,0,0,0,0.0,0,0.0,0,0,0.0,0,0,0,0.0,0,0,0,0,0,0,0.0,0,0,0,0,0,0,0.05387723340576328,0,0.0,0,0,0,0.0,0,0,0,0,0,0,0,0,0,0,0,0.0,0,0,0,0.0,0,0,0
325,0.0,0.0,0,0,0,0,0,0,0,0.0,0.0,0.0,0,0.0,0,0,0,0.0,0,0.0,0,0,0.0,0,0,0,0.0,0,0,0,0,0,0,0.0,0,0,0,0,0,0,0.0,0,0.0,0,0,0,0.0,0,0,0,0,0,0,0,0,0,0,0,0.0,0,0,0,0.0,0,0,0
326,0.0,0.0,0,0,0,0,0,0,0,0.0,0.0,0.0,0,0.0,0,0,0,0.0,0,0.0,0,0,0.0,0,0,0,0.0,0,0,0,0,0,0,0.0,0,0,0,0,0,0,0.0,0,0.020830611960355072,0,0,0,0.0,0,0,0,0,0,0,0,0,0,0,0,0.0,0,0,0,0.0,0,0,0
327,0.0,0.0,0,0,0,0,0,0,0,0.0,0.0,0.0,0,0.0,0,0,0,0.0,0,0.0,0,0,0.0,0,0,0,0.0,0,0,0,0,0,0,0.0,0,0,0,0,0,0,0.0,0,0.0,0,0,0,0.0,0,0,0,0,0,0,0,0,0,0,0,0.0,0,0,0,0.0,0,0,0
328,0.0,0.0,0,0,0,0,0,0,0,0.0,0.0,0.0,0,0.0,0,0,0,0.0,0,0.0,0,0,0.0,0,0,0,0.0,0,0,0,0,0,0,0.0,0,0,0,0,0,0,0.0,0,0.009967402463919988,0,0,0,0.0,0,0,0,0,0,0,0,0,0,0,0,0.0,0,0,0,0.0,0,0,0
329,0.0,0.0,0,0,0,0,0,0,0,0.0,0.0,0.0,0,0.0,0,0,0,0.0,0,0.0,0,0,0.0,0,0,0,0.0,0,0,0,0,0,0,0.0,0,0,0,0,0,0,0.029276707011382314,0,0.015169846646607872,0,0,0,0.0,0,0,0,0,0,0,0,0,0,0,0,0.0,0,0,0,0.0,0,0,0
330,0.0,0.0,0,0,0,0,0,0,0,0.0,0.0,0.0,0,0.0,0,0,0,0.0,0,0.0,0,0,0.0,0,0,0,0.0,0,0,0,0,0,0,0.0,0,0,0,0,0,0,0.0,0,0.0,0,0,0,0.0,0,0,0,0,0,0,0,0,0,0,0,0.0,0,0,0,0.0,0,0,0
331,0.0,0.0,0,0,0,0,0,0,0,0.0,0.0,0.0,0,0.0,0,0,0,0.0,0,0.0,0,0,0.0,0,0,0,0.0,0,0,0,0,0,0,0.0,0,0,0,0,0,0,0.0,0,0.0,0,0,0,0.0,0,0,0,0,0,0,0,0,0,0,0,0.0,0,0,0,0.0,0,0,0
332,0.0,0.0,0,0,0,0,0,0,0,0.0,0.0,0.0,0,0.0,0,0,0,0.0,0,0.0,0,0,0.0,0,0,0,0.0,0,0,0,0,0,0,0.0,0,0,0,0,0,0,0.0,0,0.0,0,0,0,0.0,0,0,0,0,0,0,0,0,0,0,0,0.0,0,0,0,0.0,0,0,0
333,0.0,0.0,0,0,0,0,0,0,0,0.0,0.0,0.0,0,0.0,0,0,0,0.0,0,0.0,0,0,0.0,0,0,0,0.0,0,0,0,0,0,0,0.0,0,0,0,0,0,0,0.0,0,0.0,0,0,0,0.0,0,0,0,0,0,0,0,0,0,0,0,0.0,0,0,0,0.0,0,0,0
334,0.0,0.0,0,0,0,0,0,0,0,0.0,0.0,0.0,0,0.0,0,0,0,0.0,0,0.0,0,0,0.0,0,0,0,0.0,0,0,0,0,0,0,0.0,0,0,0,0,0,0,0.0,0,0.0,0,0,0,0.0,0,0,0,0,0,0,0,0,0,0,0,0.0,0,0,0,0.0,0,0,0
335,0.0,0.0,0,0,0,0,0,0,0,0.0,0.0,0.0,0,0.0,0,0,0,0.0,0,0.0,0,0,0.0,0,0,0,0.0,0,0,0,0,0,0,0.0,0,0,0,0,0,0,0.0,0,0.06481281642592118,0,0,0,0.0,0,0,0,0,0,0,0,0,0,0,0,0.0,0,0,0,0.0,0,0,0
336,0.0,0.0,0,0,0,0,0,0,0,0.0,0.0,0.0,0,0.0,0,0,0,0.0,0,0.0,0,0,0.0,0,0,0,0.0,0,0,0,0,0,0,0.0,0,0,0,0,0,0,0.0,0,0.05143341131366466,0,0,0,0.0,0,0,0,0,0,0,0,0,0,0,0,0.0,0,0,0,0.0,0,0,0
337,0.0,0.0,0,0,0,0,0,0,0,0.0,0.0,0.0,0,0.0,0,0,0,0.0,0,0.0,0,0,0.0,0,0,0,0.0,0,0,0,0,0,0,0.0,0,0,0,0,0,0,0.0,0,0.0,0,0,0,0.0,0,0,0,0,0,0,0,0,0,0,0,0.0,0,0,0,0.0,0,0,0
338,0.0,0.0,0,0,0,0,0,0,0,0.0,0.0,0.0,0,0.0,0,0,0,0.0,0,0.0,0,0,0.0,0,0,0,0.0,0,0,0,0,0,0,0.0,0,0,0,0,0,0,0.0,0,0.0,0,0,0,0.0,0,0,0,0,0,0,0,0,0,0,0,0.0,0,0,0,0.0,0,0,0
339,0.0,0.0,0,0,0,0,0,0,0,0.09921927123250672,0.0,0.0,0,0.0,0,0,0,0.0,0,0.0,0,0,0.0,0,0,0,0.0,0,0,0,0,0,0,0.0,0,0,0,0,0,0,0.0,0,0.0,0,0,0,0.0,0,0,0,0,0,0,0,0,0,0,0,0.0,0,0,0,0.0,0,0,0
340,0.0,0.0,0,0,0,0,0,0,0,0.0,0.0,0.0,0,0.0,0,0,0,0.0,0,0.0,0,0,0.0,0,0,0,0.0,0,0,0,0,0,0,0.0,0,0,0,0,0,0,0.0,0,0.06176952569185549,0,0,0,0.0,0,0,0,0,0,0,0,0,0,0,0,0.0,0,0,0,0.0,0,0,0
341,0.0,0.0,0,0,0,0,0,0,0,0.0,0.0,0.0,0,0.0,0,0,0,0.0,0,0.0,0,0,0.0,0,0,0,0.0,0,0,0,0,0,0,0.0,0,0,0,0,0,0,0.0,0,0.0,0,0,0,0.0,0,0,0,0,0,0,0,0,0,0,0,0.0,0,0,0,0.0,0,0,0
342,0.0,0.0,0,0,0,0,0,0,0,0.0,0.0,0.0,0,0.0,0,0,0,0.0,0,0.0,0,0,0.0,0,0,0,0.0,0,0,0,0,0,0,0.0,0,0,0,0,0,0,0.0,0,0.0,0,0,0,0.0,0,0,0,0,0,0,0,0,0,0,0,0.0,0,0,0,0.0,0,0,0
343,0.0,0.0,0,0,0,0,0,0,0,0.0,0.0,0.0,0,0.0,0,0,0,0.0,0,0.0,0,0,0.0,0,0,0,0.0,0,0,0,0,0,0,0.0,0,0,0,0,0,0,0.0,0,0.0421560375934775,0,0,0,0.0,0,0,0,0,0,0,0,0,0,0,0,0.0,0,0,0,0.0,0,0,0
344,0.0,0.0,0,0,0,0,0,0,0,0.0,0.0,0.0,0,0.0,0,0,0,0.0,0,0.0,0,0,0.0,0,0,0,0.0,0,0,0,0,0,0,0.0,0,0,0,0,0,0,0.0,0,0.0,0,0,0,0.0,0,0,0,0,0,0,0,0,0,0,0,0.0,0,0,0,0.0,0,0,0
345,0.0,0.0,0,0,0,0,0,0,0,0.0,0.0,0.0,0,0.0,0,0,0,0.0,0,0.0,0,0,0.0,0,0,0,0.0,0,0,0,0,0,0,0.0,0,0,0,0,0,0,0.0,0,0.02445543331839099,0,0,0,0.0,0,0,0,0,0,0,0,0,0,0,0,0.0,0,0,0,0.0,0,0,0
346,0.0,0.0,0,0,0,0,0,0,0,0.0,0.0,0.0,0,0.0,0,0,0,0.0,0,0.0,0,0,0.0,0,0,0,0.0,0,0,0,0,0,0,0.0,0,0,0,0,0,0,0.0,0,0.026064826268517298,0,0,0,0.0,0,0,0,0,0,0,0,0,0,0,0,0.0,0,0,0,0.0,0,0,0
347,0.0,0.0,0,0,0,0,0,0,0,0.0,0.0,0.0,0,0.0,0,0,0,0.0,0,0.0,0,0,0.0,0,0,0,0.0,0,0,0,0,0,0,0.0,0,0,0,0,0,0,0.0,0,0.0,0,0,0,0.0,0,0,0,0,0,0,0,0,0,0,0,0.0,0,0,0,0.0,0,0,0
348,0.0,0.0,0,0,0,0,0,0,0,0.0,0.0,0.0,0,0.0,0,0,0,0.0,0,0.0,0,0,0.0,0,0,0,0.0,0,0,0,0,0,0,0.0,0,0,0,0,0,0,0.0,0,0.0,0,0,0,0.0,0,0,0,0,0,0,0,0,0,0,0,0.0,0,0,0,0.0,0,0,0
349,0.0,0.0,0,0,0,0,0,0,0,0.0,0.0,0.0,0,0.0,0,0,0,0.0,0,0.0,0,0,0.0,0,0,0,0.0,0,0,0,0,0,0,0.0,0,0,0,0,0,0,0.0,0,0.0,0,0,0,0.0,0,0,0,0,0,0,0,0,0,0,0,0.0,0,0,0,0.0,0,0,0
350,0.0,0.0,0,0,0,0,0,0,0,0.0,0.0,0.0,0,0.0,0,0,0,0.0,0,0.0,0,0,0.0,0,0,0,0.0,0,0,0,0,0,0,0.0,0,0,0,0,0,0,0.0,0,0.032506347478036844,0,0,0,0.0,0,0,0,0,0,0,0,0,0,0,0,0.0,0,0,0,0.0,0,0,0
351,0.0,0.0,0,0,0,0,0,0,0,0.0,0.0,0.0,0,0.0,0,0,0,0.0,0,0.0,0,0,0.0,0,0,0,0.0,0,0,0,0,0,0,0.0,0,0,0,0,0,0,0.0,0,0.028233046016894504,0,0,0,0.0,0,0,0,0,0,0,0,0,0,0,0,0.0,0,0,0,0.0,0,0,0
352,0.0,0.0,0,0,0,0,0,0,0,0.0,0.0,0.0,0,0.0,0,0,0,0.0,0,0.0,0,0,0.0,0,0,0,0.0,0,0,0,0,0,0,0.0,0,0,0,0,0,0,0.0,0,0.014767348609090895,0,0,0,0.0,0,0,0,0,0,0,0,0,0,0,0,0.0,0,0,0,0.0,0,0,0
353,0.0,0.0,0,0,0,0,0,0,0,0.0,0.0,0.0,0,0.0,0,0,0,0.0,0,0.0,0,0,0.0,0,0,0,0.0,0,0,0,0,0,0,0.0,0,0,0,0,0,0,0.0,0,0.0,0,0,0,0.0,0,0,0,0,0,0,0,0,0,0,0,0.0,0,0,0,0.0,0,0,0
354,0.0,0.0,0,0,0,0,0,0,0,0.0,0.0,0.0,0,0.0,0,0,0,0.0,0,0.0,0,0,0.0,0,0,0,0.0,0,0,0,0,0,0,0.0,0,0,0,0,0,0,0.0,0,0.01181076594999168,0,0,0,0.0,0,0,0,0,0,0,0,0,0,0,0,0.08388736008532505,0,0,0,0.0,0,0,0
355,0.0,0.0,0,0,0,0,0,0,0,0.0,0.0,0.0,0,0.0,0,0,0,0.0,0,0.0,0,0,0.0,0,0,0,0.0,0,0,0,0,0,0,0.0,0,0,0,0,0,0,0.0,0,0.0,0,0,0,0.0,0,0,0,0,0,0,0,0,0,0,0,0.0,0,0,0,0.0,0,0,0
356,0.0,0.0,0,0,0,0,0,0,0,0.0,0.0,0.0,0,0.0,0,0,0,0.0,0,0.0,0,0,0.0,0,0,0,0.0,0,0,0,0,0,0,0.0,0,0,0,0,0,0,0.0,0,0.03894247385564737,0,0,0,0.0,0,0,0,0,0,0,0,0,0,0,0,0.0,0,0,0,0.0,0,0,0
357,0.0,0.0,0,0,0,0,0,0,0,0.0,0.0,0.0,0,0.0,0,0,0,0.0,0,0.0,0,0,0.0,0,0,0,0.0,0,0,0,0,0,0,0.0,0,0,0,0,0,0,0.0,0,0.015811574795612734,0,0,0,0.0,0,0,0,0,0,0,0,0,0,0,0,0.0,0,0,0,0.0,0,0,0
358,0.0,0.0,0,0,0,0,0,0,0,0.0,0.0,0.0,0,0.0,0,0,0,0.0,0,0.0,0,0,0.0,0,0,0,0.0,0,0,0,0,0,0,0.0,0,0,0,0,0,0,0.0,0,0.025540373063878505,0,0,0,0.0,0,0,0,0,0,0,0,0,0,0,0,0.0,0,0,0,0.0,0,0,0
359,0.0,0.0,0,0,0,0,0,0,0,0.0,0.0,0.0,0,0.0,0,0,0,0.0,0,0.0,0,0,0.0,0,0,0,0.0,0,0,0,0,0,0,0.0,0,0,0,0,0,0,0.0,0,0.0,0,0,0,0.0,0,0,0,0,0,0,0,0,0,0,0,0.0,0,0,0,0.0,0,0,0
360,0.0,0.0,0,0,0,0,0,0,0,0.0,0.0,0.0,0,0.0,0,0,0,0.0,0,0.0,0,0,0.0,0,0,0,0.0,0,0,0,0,0,0,0.0,0,0,0,0,0,0,0.0,0,0.0,0,0,0,0.0,0,0,0,0,0,0,0,0,0,0,0,0.0,0,0,0,0.0,0,0,0
361,0.0,0.0,0,0,0,0,0,0,0,0.0,0.0,0.0,0,0.0,0,0,0,0.0,0,0.0,0,0,0.0,0,0,0,0.0,0,0,0,0,0,0,0.0,0,0,0,0,0,0,0.0,0,0.0,0,0,0,0.0,0,0,0,0,0,0,0,0,0,0,0,0.0,0,0,0,0.0,0,0,0
362,0.0,0.0,0,0,0,0,0,0,0,0.0,0.0,0.0,0,0.0,0,0,0,0.0,0,0.0,0,0,0.0,0,0,0,0.0,0,0,0,0,0,0,0.0,0,0,0,0,0,0,0.0,0,0.0,0,0,0,0.0,0,0,0,0,0,0,0,0,0,0,0,0.0,0,0,0,0.0,0,0,0
363,0.0,0.0,0,0,0,0,0,0,0,0.0,0.0,0.0,0,0.0,0,0,0,0.0,0,0.0,0,0,0.0,0,0,0,0.0,0,0,0,0,0,0,0.0,0,0,0,0,0,0,0.0,0,0.0,0,0,0,0.0,0,0,0,0,0,0,0,0,0,0,0,0.0,0,0,0,0.0,0,0,0
364,0.0,0.0,0,0,0,0,0,0,0,0.0,0.0,0.0,0,0.0,0,0,0,0.0,0,0.0,0,0,0.0,0,0,0,0.0,0,0,0,0,0,0,0.0,0,0,0,0,0,0,0.0,0,0.008291396038461008,0,0,0,0.0,0,0,0,0,0,0,0,0,0,0,0,0.0,0,0,0,0.0,0,0,0
365,0.0,0.0,0,0,0,0,0,0,0,0.0,0.0,0.0,0,0.0,0,0,0,0.0,0,0.0,0,0,0.0,0,0,0,0.0,0,0,0,0,0,0,0.0,0,0,0,0,0,0,0.0,0,0.0,0,0,0,0.0,0,0,0,0,0,0,0,0,0,0,0,0.0,0,0,0,0.0,0,0,0
366,0.0,0.0,0,0,0,0,0,0,0,0.0,0.0,0.0,0,0.0,0,0,0,0.0,0,0.0,0,0,0.0,0,0,0,0.0,0,0,0,0,0,0,0.0,0,0,0,0,0,0,0.0,0,0.0,0,0,0,0.0,0,0,0,0,0,0,0,0,0,0,0,0.0,0,0,0,0.0,0,0,0
367,0.0,0.0,0,0,0,0,0,0,0,0.0,0.0,0.0,0,0.0,0,0,0,0.0,0,0.0,0,0,0.0,0,0,0,0.0,0,0,0,0,0,0,0.0,0,0,0,0,0,0,0.0,0,0.0,0,0,0,0.0,0,0,0,0,0,0,0,0,0,0,0,0.0,0,0,0,0.0,0,0,0
368,0.0,0.0,0,0,0,0,0,0,0,0.0,0.0,0.0,0,0.0,0,0,0,0.0,0,0.0,0,0,0.0,0,0,0,0.0,0,0,0,0,0,0,0.0,0,0,0,0,0,0,0.0,0,0.028713004878163546,0,0,0,0.0,0,0,0,0,0,0,0,0,0,0,0,0.0,0,0,0,0.0,0,0,0
369,0.0,0.0,0,0,0,0,0,0,0,0.0,0.0,0.0,0,0.0,0,0,0,0.0,0,0.0,0,0,0.0,0,0,0,0.0,0,0,0,0,0,0,0.0,0,0,0,0,0,0,0.0,0,0.0,0,0,0,0.0,0,0,0,0,0,0,0,0,0,0,0,0.0,0,0,0,0.0,0,0,0
370,0.0,0.0,0,0,0,0,0,0,0,0.0,0.0,0.0,0,0.0,0,0,0,0.0,0,0.0,0,0,0.0,0,0,0,0.0,0,0,0,0,0,0,0.0,0,0,0,0,0,0,0.0,0,0.0,0,0,0,0.0,0,0,0,0,0,0,0,0,0,0,0,0.0,0,0,0,0.0,0,0,0
371,0.0,0.0,0,0,0,0,0,0,0,0.0,0.0,0.0,0,0.0,0,0,0,0.0,0,0.0,0,0,0.0,0,0,0,0.0,0,0,0,0,0,0,0.0,0,0,0,0,0,0,0.0,0,0.0,0,0,0,0.0,0,0,0,0,0,0,0,0,0,0,0,0.017277943696382823,0,0,0,0.0,0,0,0
372,0.0,0.0,0,0,0,0,0,0,0,0.0,0.0,0.0,0,0.0,0,0,0,0.0,0,0.0,0,0,0.0,0,0,0,0.0,0,0,0,0,0,0,0.0,0,0,0,0,0,0,0.0,0,0.0,0,0,0,0.0,0,0,0,0,0,0,0,0,0,0,0,0.0,0,0,0,0.0,0,0,0
373,0.0,0.0,0,0,0,0,0,0,0,0.0,0.0,0.0,0,0.0,0,0,0,0.0,0,0.0,0,0,0.0,0,0,0,0.0,0,0,0,0,0,0,0.0,0,0,0,0,0,0,0.0,0,0.0,0,0,0,0.0,0,0,0,0,0,0,0,0,0,0,0,0.0,0,0,0,0.0,0,0,0
374,0.0,0.0,0,0,0,0,0,0,0,0.0,0.0,0.0,0,0.0,0,0,0,0.0,0,0.0,0,0,0.0,0,0,0,0.0,0,0,0,0,0,0,0.0,0,0,0,0,0,0,0.0,0,0.024808302339163375,0,0,0,0.0,0,0,0,0,0,0,0,0,0,0,0,0.0,0,0,0,0.0,0,0,0
375,0.0,0.0,0,0,0,0,0,0,0,0.0,0.0,0.0,0,0.0,0,0,0,0.0,0,0.0881876162039951,0,0,0.0,0,0,0,0.0,0,0,0,0,0,0,0.0,0,0,0,0,0,0,0.0,0,0.011683438409100839,0,0,0,0.0,0,0,0,0,0,0,0,0,0,0,0,0.0,0,0,0,0.0,0,0,0
376,0.0,0.0,0,0,0,0,0,0,0,0.0,0.0,0.0,0,0.0,0,0,0,0.0,0,0.0,0,0,0.0,0,0,0,0.0,0,0,0,0,0,0,0.0,0,0,0,0,0,0,0.0,0,0.0,0,0,0,0.0,0,0,0,0,0,0,0,0,0,0,0,0.0,0,0,0,0.0,0,0,0
377,0.0,0.0,0,0,0,0,0,0,0,0.0,0.0,0.0,0,0.0,0,0,0,0.0,0,0.0,0,0,0.0,0,0,0,0.0,0,0,0,0,0,0,0.0,0,0,0,0,0,0,0.0,0,0.00929497855133819,0,0,0,0.0,0,0,0,0,0,0,0,0,0,0,0,0.0,0,0,0,0.0,0,0,0
378,0.0,0.0,0,0,0,0,0,0,0,0.0,0.0,0.0,0,0.0,0,0,0,0.0,0,0.0,0,0,0.0,0,0,0,0.0,0,0,0,0,0,0,0.0,0,0,0,0,0,0,0.050907111851931884,0,0.0,0,0,0,0.0,0,0,0,0,0,0,0,0,0,0,0,0.0,0,0,0,0.0,0,0,0
379,0.0,0.0,0,0,0,0,0,0,0,0.0,0.0,0.0,0,0.0,0,0,0,0.0,0,0.0,0,0,0.0,0,0,0,0.0,0,0,0,0,0,0,0.0,0,0,0,0,0,0,0.0,0,0.0,0,0,0,0.0,0,0,0,0,0,0,0,0,0,0,0,0.0,0,0,0,0.0,0,0,0
380,0.0,0.0,0,0,0,0,0,0,0,0.0,0.0,0.0,0,0.0,0,0,0,0.0,0,0.0,0,0,0.0,0,0,0,0.0,0,0,0,0,0,0,0.0,0,0,0,0,0,0,0.0,0,0.0,0,0,0,0.0,0,0,0,0,0,0,0,0,0,0,0,0.0,0,0,0,0.0,0,0,0
381,0.0,0.0,0,0,0,0,0,0,0,0.0,0.0,0.0,0,0.0,0,0,0,0.0,0,0.0,0,0,0.0,0,0,0,0.0,0,0,0,0,0,0,0.0,0,0,0,0,0,0,0.0,0,0.0,0,0,0,0.0,0,0,0,0,0,0,0,0,0,0,0,0.0,0,0,0,0.0,0,0,0
382,0.0,0.0,0,0,0,0,0,0,0,0.0,0.0,0.0,0,0.0,0,0,0,0.0,0,0.0,0,0,0.0,0,0,0,0.0,0,0,0,0,0,0,0.0,0,0,0,0,0,0,0.0,0,0.013141934895793394,0,0,0,0.0,0,0,0,0,0,0,0,0,0,0,0,0.0,0,0,0,0.0,0,0,0
383,0.0,0.0,0,0,0,0,0,0,0,0.0,0.0,0.0,0,0.0,0,0,0,0.0,0,0.0,0,0,0.0,0,0,0,0.0,0,0,0,0,0,0,0.0,0,0,0,0,0,0,0.0,0,0.0,0,0,0,0.0,0,0,0,0,0,0,0,0,0,0,0,0.0,0,0,0,0.0,0,0,0
384,0.0,0.0,0,0,0,0,0,0,0,0.0,0.0,0.0,0,0.0,0,0,0,0.0,0,0.0,0,0,0.0,0,0,0,0.0,0,0,0,0,0,0,0.0,0,0,0,0,0,0,0.0,0,0.0,0,0,0,0.0,0,0,0,0,0,0,0,0,0,0,0,0.0,0,0,0,0.0,0,0,0
385,0.0,0.0,0,0,0,0,0,0,0,0.0,0.0,0.0,0,0.0,0,0,0,0.0,0,0.0,0,0,0.0,0,0,0,0.0,0,0,0,0,0,0,0.0,0,0,0,0,0,0,0.0,0,0.0,0,0,0,0.0,0,0,0,0,0,0,0,0,0,0,0,0.0,0,0,0,0.0,0,0,0
386,0.0,0.0,0,0,0,0,0,0,0,0.0,0.0,0.0,0,0.0,0,0,0,0.0,0,0.0,0,0,0.0,0,0,0,0.0,0,0,0,0,0,0,0.0,0,0,0,0,0,0,0.0,0,0.0,0,0,0,0.0,0,0,0,0,0,0,0,0,0,0,0,0.0,0,0,0,0.0,0,0,0
387,0.0,0.0,0,0,0,0,0,0,0,0.0,0.0,0.0,0,0.0,0,0,0,0.0,0,0.0,0,0,0.0,0,0,0,0.0,0,0,0,0,0,0,0.0,0,0,0,0,0,0,0.0,0,0.0068404715671150865,0,0,0,0.0,0,0,0,0,0,0,0,0,0,0,0,0.0,0,0,0,0.0,0,0,0
388,0.0,0.0,0,0,0,0,0,0,0,0.0,0.0,0.0,0,0.0,0,0,0,0.03854750427177607,0,0.0,0,0,0.0,0,0,0,0.0,0,0,0,0,0,0,0.0,0,0,0,0,0,0,0.0,0,0.0,0,0,0,0.0,0,0,0,0,0,0,0,0,0,0,0,0.0,0,0,0,0.0,0,0,0
389,0.0,0.0,0,0,0,0,0,0,0,0.0,0.0,0.0,0,0.0,0,0,0,0.0,0,0.0,0,0,0.0,0,0,0,0.0,0,0,0,0,0,0,0.0,0,0,0,0,0,0,0.0,0,0.0,0,0,0,0.0,0,0,0,0,0,0,0,0,0,0,0,0.0,0,0,0,0.0,0,0,0
390,0.0,0.0,0,0,0,0,0,0,0,0.0,0.0,0.0,0,0.0,0,0,0,0.0,0,0.0,0,0,0.0,0,0,0,0.0,0,0,0,0,0,0,0.0,0,0,0,0,0,0,0.0,0,0.0,0,0,0,0.0,0,0,0,0,0,0,0,0,0,0,0,0.0,0,0,0,0.0,0,0,0
391,0.0,0.0,0,0,0,0,0,0,0,0.0,0.0,0.0,0,0.0,0,0,0,0.0,0,0.0,0,0,0.0,0,0,0,0.0,0,0,0,0,0,0,0.0,0,0,0,0,0,0,0.0,0,0.034272948433216745,0,0,0,0.0,0,0,0,0,0,0,0,0,0,0,0,0.0,0,0,0,0.0,0,0,0
392,0.0,0.0,0,0,0,0,0,0,0,0.0,0.0,0.0,0,0.0,0,0,0,0.0,0,0.0,0,0,0.0,0,0,0,0.0,0,0,0,0,0,0,0.0,0,0,0,0,0,0,0.0,0,0.0,0,0,0,0.0,0,0,0,0,0,0,0,0,0,0,0,0.0,0,0,0,0.0,0,0,0
393,0.0,0.0,0,0,0,0,0,0,0,0.0,0.0,0.0,0,0.0,0,0,0,0.0,0,0.0,0,0,0.0,0,0,0,0.0,0,0,0,0,0,0,0.0,0,0,0,0,0,0,0.0,0,0.0,0,0,0,0.0,0,0,0,0,0,0,0,0,0,0,0,0.0,0,0,0,0.0,0,0,0
394,0.0,0.0,0,0,0,0,0,0,0,0.0,0.0,0.0,0,0.0,0,0,0,0.0,0,0.0,0,0,0.0,0,0,0,0.0,0,0,0,0,0,0,0.0,0,0,0,0,0,0,0.0,0,0.014836680665368392,0,0,0,0.0,0,0,0,0,0,0,0,0,0,0,0,0.0,0,0,0,0.0,0,0,0
395,0.0,0.0,0,0,0,0,0,0,0,0.0,0.0,0.0,0,0.0,0,0,0,0.0,0,0.0,0,0,0.0,0,0,0,0.0,0,0,0,0,0,0,0.0,0,0,0,0,0,0,0.0,0,0.018997481615473544,0,0,0,0.0,0,0,0,0,0,0,0,0,0,0,0,0.0,0,0,0,0.0,0,0,0
396,0.0,0.0,0,0,0,0,0,0,0,0.0,0.0,0.0,0,0.0,0,0,0,0.0,0,0.0,0,0,0.0,0,0,0,0.0,0,0,0,0,0,0,0.0,0,0,0,0,0,0,0.0,0,0.014460215175502526,0,0,0,0.0,0,0,0,0,0,0,0,0,0,0,0,0.0,0,0,0,0.0,0,0,0
397,0.0,0.0,0,0,0,0,0,0,0,0.0,0.0,0.0,0,0.0,0,0,0,0.0,0,0.0,0,0,0.0,0,0,0,0.0,0,0,0,0,0,0,0.0,0,0,0,0,0,0,0.0,0,0.0,0,0,0,0.0,0,0,0,0,0,0,0,0,0,0,0,0.0,0,0,0,0.0,0,0,0
398,0.0,0.0,0,0,0,0,0,0,0,0.0,0.0,0.0,0,0.0,0,0,0,0.0,0,0.0,0,0,0.0,0,0,0,0.0,0,0,0,0,0,0,0.0,0,0,0,0,0,0,0.0,0,0.0,0,0,0,0.0,0,0,0,0,0,0,0,0,0,0,0,0.0,0,0,0,0.0,0,0,0
399,0.0,0.0,0,0,0,0,0,0,0,0.0,0.0,0.0,0,0.0,0,0,0,0.0,0,0.0,0,0,0.0,0,0,0,0.0,0,0,0,0,0,0,0.0,0,0,0,0,0,0,0.0,0,0.0,0,0,0,0.0,0,0,0,0,0,0,0,0,0,0,0,0.0,0,0,0,0.0,0,0,0
400,0.0,0.0,0,0,0,0,0,0,0,0.0,0.0,0.0,0,0.0,0,0,0,0.0,0,0.0,0,0,0.0,0,0,0,0.0,0,0,0,0,0,0,0.0,0,0,0,0,0,0,0.02028372285090272,0,0.0,0,0,0,0.0,0,0,0,0,0,0,0,0,0,0,0,0.0,0,0,0,0.0,0,0,0
401,0.0,0.0,0,0,0,0,0,0,0,0.0,0.0,0.0,0,0.0,0,0,0,0.0,0,0.0,0,0,0.0,0,0,0,0.0,0,0,0,0,0,0,0.0,0,0,0,0,0,0,0.0,0,0.03401259129362542,0,0,0,0.0,0,0,0,0,0,0,0,0,0,0,0,0.0,0,0,0,0.0,0,0,0
402,0.0,0.0,0,0,0,0,0,0,0,0.0,0.0,0.0,0,0.0,0,0,0,0.0,0,0.0,0,0,0.0,0,0,0,0.0,0,0,0,0,0,0,0.0,0,0,0,0,0,0,0.0,0,0.009558490182958533,0,0,0,0.0,0,0,0,0,0,0,0,0,0,0,0,0.0,0,0,0,0.0,0,0,0
403,0.0,0.0,0,0,0,0,0,0,0,0.0,0.0,0.0,0,0.0,0,0,0,0.0,0,0.0,0,0,0.0,0,0,0,0.0,0,0,0,0,0,0,0.0,0,0,0,0,0,0,0.0,0,0.0,0,0,0,0.0,0,0,0,0,0,0,0,0,0,0,0,0.0,0,0,0,0.0,0,0,0
404,0.0,0.0,0,0,0,0,0,0,0,0.0,0.0,0.0,0,0.0,0,0,0,0.0,0,0.0,0,0,0.0,0,0,0,0.0,0,0,0,0,0,0,0.0,0,0,0,0,0,0,0.0,0,0.0,0,0,0,0.0,0,0,0,0,0,0,0,0,0,0,0,0.0,0,0,0,0.0,0,0,0
405,0.0,0.0,0,0,0,0,0,0,0,0.0,0.0,0.0,0,0.0,0,0,0,0.0,0,0.0,0,0,0.0,0,0,0,0.0,0,0,0,0,0,0,0.0,0,0,0,0,0,0,0.0,0,0.0,0,0,0,0.0,0,0,0,0,0,0,0,0,0,0,0,0.0,0,0,0,0.0,0,0,0
406,0.0,0.0,0,0,0,0,0,0,0,0.0,0.0,0.0,0,0.0,0,0,0,0.0,0,0.0,0,0,0.0,0,0,0,0.0,0,0,0,0,0,0,0.0,0,0,0,0,0,0,0.0,0,0.0,0,0,0,0.0,0,0,0,0,0,0,0,0,0,0,0,0.0,0,0,0,0.0,0,0,0
407,0.0,0.0,0,0,0,0,0,0,0,0.0,0.0,0.0,0,0.0,0,0,0,0.0,0,0.0,0,0,0.0,0,0,0,0.0,0,0,0,0,0,0,0.0,0,0,0,0,0,0,0.0,0,0.0,0,0,0,0.0,0,0,0,0,0,0,0,0,0,0,0,0.0,0,0,0,0.0,0,0,0
408,0.0,0.0,0,0,0,0,0,0,0,0.0,0.0,0.0,0,0.0,0,0,0,0.0,0,0.0,0,0,0.0,0,0,0,0.0,0,0,0,0,0,0,0.0,0,0,0,0,0,0,0.0,0,0.03388543704138989,0,0,0,0.0,0,0,0,0,0,0,0,0,0,0,0,0.0,0,0,0,0.0,0,0,0
409,0.0,0.0,0,0,0,0,0,0,0,0.0,0.0,0.0,0,0.0,0,0,0,0.0,0,0.0,0,0,0.0,0,0,0,0.0,0,0,0,0,0,0,0.0,0,0,0,0,0,0,0.0,0,0.0,0,0,0,0.0,0,0,0,0,0,0,0,0,0,0,0,0.0,0,0,0,0.0,0,0,0
410,0.0,0.0,0,0,0,0,0,0,0,0.0,0.0,0.0,0,0.0,0,0,0,0.0,0,0.0,0,0,0.0,0,0,0,0.0,0,0,0,0,0,0,0.0,0,0,0,0,0,0,0.0,0,0.050526109088933,0,0,0,0.0,0,0,0,0,0,0,0,0,0,0,0,0.0,0,0,0,0.0,0,0,0
411,0.0,0.0,0,0,0,0,0,0,0,0.0,0.0,0.0,0,0.0,0,0,0,0.0,0,0.0,0,0,0.0,0,0,0,0.0,0,0,0,0,0,0,0.0,0,0,0,0,0,0,0.0,0,0.0,0,0,0,0.0,0,0,0,0,0,0,0,0,0,0,0,0.0,0,0,0,0.0,0,0,0
412,0.0,0.0,0,0,0,0,0,0,0,0.0,0.0,0.0,0,0.0,0,0,0,0.0,0,0.0,0,0,0.0,0,0,0,0.0,0,0,0,0,0,0,0.0,0,0,0,0,0,0,0.0,0,0.0072053531119589675,0,0,0,0.0,0,0,0,0,0,0,0,0,0,0,0,0.0,0,0,0,0.0,0,0,0
413,0.0,0.0,0,0,0,0,0,0,0,0.0,0.0,0.0,0,0.0,0,0,0,0.0,0,0.0,0,0,0.0,0,0,0,0.0,0,0,0,0,0,0,0.0,0,0,0,0,0,0,0.0,0,0.0,0,0,0,0.0,0,0,0,0,0,0,0,0,0,0,0,0.0,0,0,0,0.0,0,0,0
414,0.0,0.0,0,0,0,0,0,0,0,0.0,0.0,0.0,0,0.0,0,0,0,0.0,0,0.0,0,0,0.0,0,0,0,0.0,0,0,0,0,0,0,0.0,0,0,0,0,0,0,0.0,0,0.0,0,0,0,0.0,0,0,0,0,0,0,0,0,0,0,0,0.0,0,0,0,0.0,0,0,0
415,0.0,0.0,0,0,0,0,0,0,0,0.0,0.0,0.0,0,0.0,0,0,0,0.0,0,0.0,0,0,0.0,0,0,0,0.0,0,0,0,0,0,0,0.0,0,0,0,0,0,0,0.0,0,0.0,0,0,0,0.0,0,0,0,0,0,0,0,0,0,0,0,0.0,0,0,0,0.0,0,0,0
416,0.0,0.0,0,0,0,0,0,0,0,0.0,0.0,0.0,0,0.0,0,0,0,0.0,0,0.0,0,0,0.0,0,0,0,0.0,0,0,0,0,0,0,0.0,0,0,0,0,0,0,0.0,0,0.0,0,0,0,0.0,0,0,0,0,0,0,0,0,0,0,0,0.0,0,0,0,0.0,0,0,0
417,0.0,0.0,0,0,0,0,0,0,0,0.0,0.0,0.0,0,0.0,0,0,0,0.0,0,0.0,0,0,0.0,0,0,0,0.0,0,0,0,0,0,0,0.0,0,0,0,0,0,0,0.0,0,0.0,0,0,0,0.0,0,0,0,0,0,0,0,0,0,0,0,0.0,0,0,0,0.0,0,0,0
418,0.0,0.0,0,0,0,0,0,0,0,0.0,0.0,0.0,0,0.0,0,0,0,0.0,0,0.0,0,0,0.0,0,0,0,0.0,0,0,0,0,0,0,0.0,0,0,0,0,0,0,0.0,0,0.0,0,0,0,0.0,0,0,0,0,0,0,0,0,0,0,0,0.0,0,0,0,0.0,0,0,0
419,0.0,0.0,0,0,0,0,0,0,0,0.0,0.0,0.0,0,0.0,0,0,0,0.0,0,0.0,0,0,0.0,0,0,0,0.0,0,0,0,0,0,0,0.0,0,0,0,0,0,0,0.0,0,0.03964427849588699,0,0,0,0.0,0,0,0,0,0,0,0,0,0,0,0,0.0,0,0,0,0.0,0,0,0
420,0.0,0.0,0,0,0,0,0,0,0,0.0,0.0,0.0,0,0.0,0,0,0,0.0,0,0.0,0,0,0.0,0,0,0,0.0,0,0,0,0,0,0,0.0,0,0,0,0,0,0,0.0,0,0.0,0,0,0,0.0,0,0,0,0,0,0,0,0,0,0,0,0.0,0,0,0,0.0,0,0,0
421,0.0,0.0,0,0,0,0,0,0,0,0.0,0.0,0.0,0,0.0,0,0,0,0.0,0,0.0,0,0,0.0,0,0,0,0.0,0,0,0,0,0,0,0.0,0,0,0,0,0,0,0.0,0,0.0,0,0,0,0.0,0,0,0,0,0,0,0,0,0,0,0,0.0,0,0,0,0.0,0,0,0
422,0.0,0.0,0,0,0,0,0,0,0,0.0,0.0,0.0,0,0.0,0,0,0,0.0,0,0.0,0,0,0.0,0,0,0,0.0,0,0,0,0,0,0,0.0,0,0,0,0,0,0,0.0,0,0.01943084790522269,0,0,0,0.0,0,0,0,0,0,0,0,0,0,0,0,0.0,0,0,0,0.0,0,0,0
423,0.0,0.0,0,0,0,0,0,0,0,0.0,0.0,0.0,0,0.0,0,0,0,0.0,0,0.0,0,0,0.0,0,0,0,0.0,0,0,0,0,0,0,0.0,0,0,0,0,0,0,0.0,0,0.01816586635707973,0,0,0,0.0,0,0,0,0,0,0,0,0,0,0,0,0.0,0,0,0,0.0,0,0,0
424,0.0,0.0,0,0,0,0,0,0,0,0.0,0.0,0.0,0,0.0,0,0,0,0.0,0,0.05457136260333953,0,0,0.0,0,0,0,0.0,0,0,0,0,0,0,0.13979371966646426,0,0,0,0,0,0,0.0,0,0.0,0,0,0,0.050095862640031734,0,0,0,0,0,0,0,0,0,0,0,0.0,0,0,0,0.0,0,0,0
425,0.0,0.0,0,0,0,0,0,0,0,0.0,0.0,0.0,0,0.0,0,0,0,0.0,0,0.0,0,0,0.0,0,0,0,0.0,0,0,0,0,0,0,0.0,0,0,0,0,0,0,0.0,0,0.0,0,0,0,0.0,0,0,0,0,0,0,0,0,0,0,0,0.0,0,0,0,0.0,0,0,0
426,0.0,0.0,0,0,0,0,0,0,0,0.0,0.0,0.0,0,0.0,0,0,0,0.0,0,0.0,0,0,0.0,0,0,0,0.0,0,0,0,0,0,0,0.0,0,0,0,0,0,0,0.0,0,0.0,0,0,0,0.0,0,0,0,0,0,0,0,0,0,0,0,0.0,0,0,0,0.0,0,0,0
427,0.0,0.0,0,0,0,0,0,0,0,0.0,0.0,0.0,0,0.0,0,0,0,0.0,0,0.0,0,0,0.0,0,0,0,0.0,0,0,0,0,0,0,0.0,0,0,0,0,0,0,0.0,0,0.0,0,0,0,0.0,0,0,0,0,0,0,0,0,0,0,0,0.0,0,0,0,0.0,0,0,0
428,0.0,0.0,0,0,0,0,0,0,0,0.0,0.0,0.0,0,0.0,0,0,0,0.0,0,0.0,0,0,0.0,0,0,0,0.0,0,0,0,0,0,0,0.0,0,0,0,0,0,0,0.0,0,0.0,0,0,0,0.0,0,0,0,0,0,0,0,0,0,0,0,0.0,0,0,0,0.0,0,0,0
429,0.0,0.0,0,0,0,0,0,0,0,0.0,0.0,0.0,0,0.0,0,0,0,0.0,0,0.0,0,0,0.0,0,0,0,0.0,0,0,0,0,0,0,0.0,0,0,0,0,0,0,0.0,0,0.0,0,0,0,0.0,0,0,0,0,0,0,0,0,0,0,0,0.0,0,0,0,0.0,0,0,0
430,0.0,0.0,0,0,0,0,0,0,0,0.0,0.0,0.0,0,0.0,0,0,0,0.0,0,0.0,0,0,0.0,0,0,0,0.0,0,0,0,0,0,0,0.0,0,0,0,0,0,0,0.0,0,0.0,0,0,0,0.0,0,0,0,0,0,0,0,0,0,0,0,0.0,0,0,0,0.0,0,0,0
431,0.0,0.0,0,0,0,0,0,0,0,0.0,0.0,0.0,0,0.0,0,0,0,0.0,0,0.0,0,0,0.0,0,0,0,0.0,0,0,0,0,0,0,0.0,0,0,0,0,0,0,0.0,0,0.0,0,0,0,0.0,0,0,0,0,0,0,0,0,0,0,0,0.0,0,0,0,0.0,0,0,0
432,0.0,0.0,0,0,0,0,0,0,0,0.0,0.0,0.0,0,0.0,0,0,0,0.0,0,0.0,0,0,0.0,0,0,0,0.0,0,0,0,0,0,0,0.0,0,0,0,0,0,0,0.0,0,0.044970368281238876,0,0,0,0.0,0,0,0,0,0,0,0,0,0,0,0,0.0,0,0,0,0.0,0,0,0
433,0.0,0.0,0,0,0,0,0,0,0,0.0,0.0,0.0,0,0.0,0,0,0,0.0,0,0.0,0,0,0.0,0,0,0,0.0,0,0,0,0,0,0,0.0,0,0,0,0,0,0,0.0,0,0.0,0,0,0,0.0,0,0,0,0,0,0,0,0,0,0,0,0.0,0,0,0,0.0,0,0,0
434,0.0,0.0,0,0,0,0,0,0,0,0.0,0.0,0.0,0,0.0,0,0,0,0.0,0,0.0,0,0,0.0,0,0,0,0.0,0,0,0,0,0,0,0.0,0,0,0,0,0,0,0.0,0,0.03264352872742486,0,0,0,0.0,0,0,0,0,0,0,0,0,0,0,0,0.0,0,0,0,0.0,0,0,0
435,0.0,0.0,0,0,0,0,0,0,0,0.0,0.0,0.0,0,0.0,0,0,0,0.0,0,0.0,0,0,0.0,0,0,0,0.0,0,0,0,0,0,0,0.0,0,0,0,0,0,0,0.0,0,0.03724294884152932,0,0,0,0.0,0,0,0,0,0,0,0,0,0,0,0,0.0,0,0,0,0.0,0,0,0
436,0.0,0.0,0,0,0,0,0,0,0,0.0,0.0,0.0,0,0.0,0,0,0,0.0,0,0.0,0,0,0.0,0,0,0,0.0,0,0,0,0,0,0,0.0,0,0,0,0,0,0,0.0,0,0.0,0,0,0,0.0,0,0,0,0,0,0,0,0,0,0,0,0.0,0,0,0,0.0,0,0,0
437,0.0,0.0,0,0,0,0,0,0,0,0.0,0.0,0.0,0,0.0,0,0,0,0.0,0,0.0,0,0,0.0,0,0,0,0.0,0,0,0,0,0,0,0.0,0,0,0,0,0,0,0.0,0,0.0,0,0,0,0.0,0,0,0,0,0,0,0,0,0,0,0,0.0,0,0,0,0.0,0,0,0
438,0.0,0.0,0,0,0,0,0,0,0,0.0,0.0,0.0,0,0.0,0,0,0,0.0,0,0.0,0,0,0.0,0,0,0,0.0,0,0,0,0,0,0,0.0,0,0,0,0,0,0,0.0,0,0.0,0,0,0,0.0,0,0,0,0,0,0,0,0,0,0,0,0.0,0,0,0,0.0,0,0,0
439,0.0,0.0,0,0,0,0,0,0,0,0.0,0.0,0.0,0,0.0,0,0,0,0.0,0,0.0,0,0,0.0,0,0,0,0.0,0,0,0,0,0,0,0.0,0,0,0,0,0,0,0.0,0,0.0,0,0,0,0.0,0,0,0,0,0,0,0,0,0,0,0,0.0,0,0,0,0.0,0,0,0
440,0.0,0.0,0,0,0,0,0,0,0,0.0,0.0,0.0,0,0.0,0,0,0,0.0,0,0.0,0,0,0.0,0,0,0,0.0,0,0,0,0,0,0,0.0,0,0,0,0,0,0,0.0,0,0.014781336434550364,0,0,0,0.0,0,0,0,0,0,0,0,0,0,0,0,0.0,0,0,0,0.0,0,0,0
441,0.0,0.0,0,0,0,0,0,0,0,0.0,0.0,0.0,0,0.0,0,0,0,0.0,0,0.0,0,0,0.0,0,0,0,0.0,0,0,0,0,0,0,0.0,0,0,0,0,0,0,0.0,0,0.014202990495039116,0,0,0,0.0,0,0,0,0,0,0,0,0,0,0,0,0.0,0,0,0,0.0,0,0,0
442,0.0,0.0,0,0,0,0,0,0,0,0.0,0.0,0.0,0,0.0,0,0,0,0.0,0,0.0,0,0,0.0,0,0,0,0.0,0,0,0,0,0,0,0.0,0,0,0,0,0,0,0.0,0,0.0,0,0,0,0.0,0,0,0,0,0,0,0,0,0,0,0,0.0,0,0,0,0.0,0,0,0
443,0.0,0.0,0,0,0,0,0,0,0,0.0,0.0,0.0,0,0.0,0,0,0,0.0,0,0.0,0,0,0.0,0,0,0,0.0,0,0,0,0,0,0,0.0,0,0,0,0,0,0,0.0,0,0.0,0,0,0,0.0,0,0,0,0,0,0,0,0,0,0,0,0.0,0,0,0,0.0,0,0,0
444,0.0,0.0,0,0,0,0,0,0,0,0.0,0.0,0.0,0,0.0,0,0,0,0.0,0,0.0,0,0,0.0,0,0,0,0.0,0,0,0,0,0,0,0.0,0,0,0,0,0,0,0.0,0,0.030467513626812635,0,0,0,0.0,0,0,0,0,0,0,0,0,0,0,0,0.0,0,0,0,0.0,0,0,0
445,0.0,0.0,0,0,0,0,0,0,0,0.0,0.0,0.0,0,0.0,0,0,0,0.0,0,0.0,0,0,0.0,0,0,0,0.0,0,0,0,0,0,0,0.0,0,0,0,0,0,0,0.0,0,0.0,0,0,0,0.0,0,0,0,0,0,0,0,0,0,0,0,0.0,0,0,0,0.0,0,0,0
446,0.0,0.0,0,0,0,0,0,0,0,0.0,0.0,0.0,0,0.0,0,0,0,0.0,0,0.0,0,0,0.0,0,0,0,0.0,0,0,0,0,0,0,0.0,0,0,0,0,0,0,0.0,0,0.09755971170083914,0,0,0,0.0,0,0,0,0,0,0,0,0,0,0,0,0.0,0,0,0,0.0,0,0,0
447,0.0,0.0,0,0,0,0,0,0,0,0.0,0.0,0.0,0,0.0,0,0,0,0.0,0,0.0,0,0,0.0,0,0,0,0.0,0,0,0,0,0,0,0.0,0,0,0,0,0,0,0.0,0,0.00827523600465712,0,0,0,0.0,0,0,0,0,0,0,0,0,0,0,0,0.0,0,0,0,0.0,0,0,0
448,0.0,0.0,0,0,0,0,0,0,0,0.0,0.0,0.0,0,0.0,0,0,0,0.0,0,0.0,0,0,0.0,0,0,0,0.0,0,0,0,0,0,0,0.0,0,0,0,0,0,0,0.0,0,0.0,0,0,0,0.0,0,0,0,0,0,0,0,0,0,0,0,0.0,0,0,0,0.0,0,0,0
449,0.0,0.0,0,0,0,0,0,0,0,0.0,0.0,0.0,0,0.0,0,0,0,0.0,0,0.0,0,0,0.0,0,0,0,0.0,0,0,0,0,0,0,0.0,0,0,0,0,0,0,0.0,0,0.01492794141811084,0,0,0,0.0,0,0,0,0,0,0,0,0,0,0,0,0.0,0,0,0,0.0,0,0,0
450,0.0,0.0,0,0,0,0,0,0,0,0.0,0.0,0.0,0,0.0,0,0,0,0.0,0,0.0,0,0,0.0,0,0,0,0.0,0,0,0,0,0,0,0.0,0,0,0,0,0,0,0.0,0,0.0,0,0,0,0.0,0,0,0,0,0,0,0,0,0,0,0,0.0,0,0,0,0.0,0,0,0
451,0.0,0.0,0,0,0,0,0,0,0,0.0,0.0,0.0,0,0.0,0,0,0,0.0,0,0.0,0,0,0.0,0,0,0,0.0,0,0,0,0,0,0,0.0,0,0,0,0,0,0,0.0,0,0.0,0,0,0,0.0,0,0,0,0,0,0,0,0,0,0,0,0.0,0,0,0,0.0,0,0,0
452,0.0,0.0,0,0,0,0,0,0,0,0.0,0.0,0.0,0,0.0,0,0,0,0.0,0,0.0,0,0,0.0,0,0,0,0.0,0,0,0,0,0,0,0.0,0,0,0,0,0,0,0.0,0,0.012248133072389759,0,0,0,0.0,0,0,0,0,0,0,0,0,0,0,0,0.0,0,0,0,0.0,0,0,0
453,0.0,0.0,0,0,0,0,0,0,0,0.0,0.0,0.0,0,0.0,0,0,0,0.0,0,0.0,0,0,0.0,0,0,0,0.015230132748278093,0,0,0,0,0,0,0.0,0,0,0,0,0,0,0.0,0,0.004726015550007257,0,0,0,0.0,0,0,0,0,0,0,0,0,0,0,0,0.0,0,0,0,0.0,0,0,0
454,0.0,0.0,0,0,0,0,0,0,0,0.0,0.0,0.0,0,0.0,0,0,0,0.0,0,0.0,0,0,0.0,0,0,0,0.0,0,0,0,0,0,0,0.0,0,0,0,0,0,0,0.0,0,0.027728852684845647,0,0,0,0.0,0,0,0,0,0,0,0,0,0,0,0,0.0,0,0,0,0.0,0,0,0
455,0.0,0.0,0,0,0,0,0,0,0,0.0,0.0,0.0,0,0.0,0,0,0,0.0,0,0.0,0,0,0.0,0,0,0,0.0,0,0,0,0,0,0,0.0,0,0,0,0,0,0,0.0,0,0.0,0,0,0,0.0,0,0,0,0,0,0,0,0,0,0,0,0.0,0,0,0,0.0,0,0,0
456,0.0,0.0,0,0,0,0,0,0,0,0.0,0.0,0.0,0,0.0,0,0,0,0.0,0,0.0,0,0,0.0,0,0,0,0.0,0,0,0,0,0,0,0.0,0,0,0,0,0,0,0.0,0,0.07905438374160956,0,0,0,0.0,0,0,0,0,0,0,0,0,0,0,0,0.0,0,0,0,0.0,0,0,0
457,0.0,0.0,0,0,0,0,0,0,0,0.0,0.0,0.0,0,0.0,0,0,0,0.0,0,0.0,0,0,0.0,0,0,0,0.0,0,0,0,0,0,0,0.0,0,0,0,0,0,0,0.0,0,0.021686139971479133,0,0,0,0.0,0,0,0,0,0,0,0,0,0,0,0,0.0,0,0,0,0.0,0,0,0
458,0.0,0.0,0,0,0,0,0,0,0,0.0,0.0,0.0,0,0.0,0,0,0,0.0,0,0.0,0,0,0.0,0,0,0,0.0,0,0,0,0,0,0,0.0,0,0,0,0,0,0,0.0,0,0.0,0,0,0,0.0,0,0,0,0,0,0,0,0,0,0,0,0.0,0,0,0,0.0,0,0,0
459,0.0,0.0,0,0,0,0,0,0,0,0.0,0.0,0.0,0,0.0,0,0,0,0.0,0,0.0,0,0,0.0,0,0,0,0.0,0,0,0,0,0,0,0.0,0,0,0,0,0,0,0.0,0,0.04251153790541733,0,0,0,0.0,0,0,0,0,0,0,0,0,0,0,0,0.0,0,0,0,0.0,0,0,0
460,0.0,0.0,0,0,0,0,0,0,0,0.0,0.0,0.0,0,0.0,0,0,0,0.0,0,0.0,0,0,0.0,0,0,0,0.0,0,0,0,0,0,0,0.0,0,0,0,0,0,0,0.0,0,0.0,0,0,0,0.0,0,0,0,0,0,0,0,0,0,0,0,0.0,0,0,0,0.0,0,0,0
461,0.0,0.0,0,0,0,0,0,0,0,0.0,0.0,0.0,0,0.0,0,0,0,0.0,0,0.0,0,0,0.0,0,0,0,0.0,0,0,0,0,0,0,0.0,0,0,0,0,0,0,0.0,0,0.0,0,0,0,0.0,0,0,0,0,0,0,0,0,0,0,0,0.0,0,0,0,0.0,0,0,0
462,0.0,0.0,0,0,0,0,0,0,0,0.0,0.0,0.0,0,0.0,0,0,0,0.0,0,0.0,0,0,0.0,0,0,0,0.0,0,0,0,0,0,0,0.0,0,0,0,0,0,0,0.0,0,0.022380721637858626,0,0,0,0.0,0,0,0,0,0,0,0,0,0,0,0,0.0,0,0,0,0.0,0,0,0
463,0.0,0.0,0,0,0,0,0,0,0,0.0,0.0,0.0,0,0.0,0,0,0,0.0,0,0.0,0,0,0.0,0,0,0,0.0,0,0,0,0,0,0,0.0,0,0,0,0,0,0,0.0,0,0.0,0,0,0,0.0,0,0,0,0,0,0,0,0,0,0,0,0.0,0,0,0,0.0,0,0,0
464,0.0,0.0,0,0,0,0,0,0,0,0.0,0.0,0.0,0,0.0,0,0,0,0.0,0,0.0,0,0,0.0,0,0,0,0.0,0,0,0,0,0,0,0.0,0,0,0,0,0,0,0.0,0,0.0,0,0,0,0.0,0,0,0,0,0,0,0,0,0,0,0,0.02724770194358536,0,0,0,0.0,0,0,0
465,0.0,0.0,0,0,0,0,0,0,0,0.0,0.0,0.0,0,0.0,0,0,0,0.0,0,0.0,0,0,0.0,0,0,0,0.0,0,0,0,0,0,0,0.0,0,0,0,0,0,0,0.0,0,0.0,0,0,0,0.0,0,0,0,0,0,0,0,0,0,0,0,0.0,0,0,0,0.0,0,0,0
466,0.0,0.0,0,0,0,0,0,0,0,0.0,0.0,0.0,0,0.0,0,0,0,0.0,0,0.0,0,0,0.0,0,0,0,0.0,0,0,0,0,0,0,0.0,0,0,0,0,0,0,0.0,0,0.0,0,0,0,0.0,0,0,0,0,0,0,0,0,0,0,0,0.0,0,0,0,0.0,0,0,0
467,0.0,0.0,0,0,0,0,0,0,0,0.0,0.0,0.0,0,0.0,0,0,0,0.0,0,0.0,0,0,0.0,0,0,0,0.0,0,0,0,0,0,0,0.0,0,0,0,0,0,0,0.0,0,0.0,0,0,0,0.0,0,0,0,0,0,0,0,0,0,0,0,0.0,0,0,0,0.0,0,0,0
468,0.0,0.0,0,0,0,0,0,0,0,0.0,0.0,0.0,0,0.0,0,0,0,0.0,0,0.0,0,0,0.0,0,0,0,0.0,0,0,0,0,0,0,0.0,0,0,0,0,0,0,0.0,0,0.0,0,0,0,0.0,0,0,0,0,0,0,0,0,0,0,0,0.0,0,0,0,0.0,0,0,0
469,0.0,0.0,0,0,0,0,0,0,0,0.0,0.0,0.0,0,0.0,0,0,0,0.0,0,0.0,0,0,0.0,0,0,0,0.0,0,0,0,0,0,0,0.0,0,0,0,0,0,0,0.03109244447719183,0,0.0,0,0,0,0.0,0,0,0,0,0,0,0,0,0,0,0,0.0,0,0,0,0.0,0,0,0
470,0.0,0.0,0,0,0,0,0,0,0,0.0,0.0,0.0,0,0.0,0,0,0,0.0,0,0.0,0,0,0.0,0,0,0,0.0,0,0,0,0,0,0,0.0,0,0,0,0,0,0,0.0,0,0.0,0,0,0,0.0,0,0,0,0,0,0,0,0,0,0,0,0.0,0,0,0,0.0,0,0,0
471,0.0,0.0,0,0,0,0,0,0,0,0.0,0.0,0.0,0,0.0,0,0,0,0.0,0,0.0,0,0,0.0,0,0,0,0.0,0,0,0,0,0,0,0.0,0,0,0,0,0,0,0.0,0,0.0,0,0,0,0.0,0,0,0,0,0,0,0,0,0,0,0,0.0,0,0,0,0.0,0,0,0
472,0.0,0.0,0,0,0,0,0,0,0,0.0,0.0,0.0,0,0.0,0,0,0,0.0,0,0.0,0,0,0.0,0,0,0,0.0,0,0,0,0,0,0,0.0,0,0,0,0,0,0,0.0,0,0.0,0,0,0,0.0,0,0,0,0,0,0,0,0,0,0,0,0.0,0,0,0,0.0,0,0,0
473,0.0,0.0,0,0,0,0,0,0,0,0.0,0.0,0.0,0,0.0,0,0,0,0.0,0,0.0,0,0,0.0,0,0,0,0.0,0,0,0,0,0,0,0.0,0,0,0,0,0,0,0.0,0,0.07015816547926489,0,0,0,0.0,0,0,0,0,0,0,0,0,0,0,0,0.0,0,0,0,0.0,0,0,0
474,0.0,0.0,0,0,0,0,0,0,0,0.0,0.0,0.0,0,0.0,0,0,0,0.0,0,0.0,0,0,0.0,0,0,0,0.0,0,0,0,0,0,0,0.0,0,0,0,0,0,0,0.0,0,0.0,0,0,0,0.0,0,0,0,0,0,0,0,0,0,0,0,0.0,0,0,0,0.0,0,0,0
475,0.0,0.0,0,0,0,0,0,0,0,0.0,0.0,0.0,0,0.0,0,0,0,0.0,0,0.0,0,0,0.024655531119294975,0,0,0,0.0,0,0,0,0,0,0,0.0,0,0,0,0,0,0,0.0,0,0.0,0,0,0,0.0,0,0,0,0,0,0,0,0,0,0,0,0.0,0,0,0,0.0,0,0,0
476,0.0,0.0,0,0,0,0,0,0,0,0.0,0.0,0.0,0,0.0,0,0,0,0.0,0,0.0,0,0,0.0,0,0,0,0.0,0,0,0,0,0,0,0.0,0,0,0,0,0,0,0.0,0,0.0274663173164906,0,0,0,0.0,0,0,0,0,0,0,0,0,0,0,0,0.0,0,0,0,0.0,0,0,0
477,0.0,0.0,0,0,0,0,0,0,0,0.0,0.0,0.0,0,0.0,0,0,0,0.0,0,0.0,0,0,0.0,0,0,0,0.0,0,0,0,0,0,0,0.0,0,0,0,0,0,0,0.0,0,0.0,0,0,0,0.0,0,0,0,0,0,0,0,0,0,0,0,0.0,0,0,0,0.0,0,0,0
478,0.0,0.0,0,0,0,0,0,0,0,0.0,0.0,0.0,0,0.0,0,0,0,0.0,0,0.0,0,0,0.0,0,0,0,0.0,0,0,0,0,0,0,0.0,0,0,0,0,0,0,0.0,0,0.0,0,0,0,0.0,0,0,0,0,0,0,0,0,0,0,0,0.0,0,0,0,0.0,0,0,0
479,0.0,0.0,0,0,0,0,0,0,0,0.0,0.0,0.0,0,0.0,0,0,0,0.0,0,0.0,0,0,0.0,0,0,0,0.0,0,0,0,0,0,0,0.0,0,0,0,0,0,0,0.0,0,0.013830845790805174,0,0,0,0.0,0,0,0,0,0,0,0,0,0,0,0,0.012279401967349685,0,0,0,0.0,0,0,0
480,0.0,0.0,0,0,0,0,0,0,0,0.0,0.0,0.0,0,0.0,0,0,0,0.0,0,0.0,0,0,0.0,0,0,0,0.0,0,0,0,0,0,0,0.0,0,0,0,0,0,0,0.0,0,0.009712685448798674,0,0,0,0.0,0,0,0,0,0,0,0,0,0,0,0,0.0,0,0,0,0.0,0,0,0
481,0.0,0.0,0,0,0,0,0,0,0,0.0,0.0,0.0,0,0.0,0,0,0,0.0,0,0.0,0,0,0.0,0,0,0,0.0,0,0,0,0,0,0,0.0,0,0,0,0,0,0,0.0,0,0.0,0,0,0,0.0,0,0,0,0,0,0,0,0,0,0,0,0.0,0,0,0,0.0,0,0,0
482,0.0,0.0,0,0,0,0,0,0,0,0.0,0.0,0.0,0,0.0,0,0,0,0.0,0,0.0,0,0,0.0,0,0,0,0.0,0,0,0,0,0,0,0.0,0,0,0,0,0,0,0.0,0,0.0,0,0,0,0.0,0,0,0,0,0,0,0,0,0,0,0,0.0,0,0,0,0.0,0,0,0
483,0.0,0.0,0,0,0,0,0,0,0,0.0,0.0,0.0,0,0.0,0,0,0,0.0,0,0.0,0,0,0.0,0,0,0,0.0,0,0,0,0,0,0,0.0,0,0,0,0,0,0,0.0,0,0.0,0,0,0,0.0,0,0,0,0,0,0,0,0,0,0,0,0.0,0,0,0,0.0,0,0,0
484,0.0,0.0,0,0,0,0,0,0,0,0.0,0.0,0.0,0,0.0,0,0,0,0.0,0,0.0,0,0,0.0,0,0,0,0.0,0,0,0,0,0,0,0.0,0,0,0,0,0,0,0.0,0,0.0,0,0,0,0.0,0,0,0,0,0,0,0,0,0,0,0,0.0,0,0,0,0.0,0,0,0
485,0.0,0.0,0,0,0,0,0,0,0,0.0,0.0,0.0,0,0.0,0,0,0,0.0,0,0.0,0,0,0.0,0,0,0,0.0,0,0,0,0,0,0,0.0,0,0,0,0,0,0,0.0,0,0.01868486105127845,0,0,0,0.0,0,0,0,0,0,0,0,0,0,0,0,0.0,0,0,0,0.0,0,0,0
486,0.0,0.0,0,0,0,0,0,0,0,0.0,0.0,0.0,0,0.0,0,0,0,0.0,0,0.0,0,0,0.0,0,0,0,0.0,0,0,0,0,0,0,0.0,0,0,0,0,0,0,0.0,0,0.0,0,0,0,0.0,0,0,0,0,0,0,0,0,0,0,0,0.0,0,0,0,0.0,0,0,0
487,0.0,0.0,0,0,0,0,0,0,0,0.0,0.0,0.0,0,0.0,0,0,0,0.0,0,0.0,0,0,0.0,0,0,0,0.0,0,0,0,0,0,0,0.0,0,0,0,0,0,0,0.0,0,0.0,0,0,0,0.0,0,0,0,0,0,0,0,0,0,0,0,0.040552996983987316,0,0,0,0.0,0,0,0
488,0.0,0.0,0,0,0,0,0,0,0,0.0,0.0,0.0,0,0.0,0,0,0,0.0,0,0.0,0,0,0.0,0,0,0,0.0,0,0,0,0,0,0,0.0,0,0,0,0,0,0,0.0,0,0.0,0,0,0,0.0,0,0,0,0,0,0,0,0,0,0,0,0.0,0,0,0,0.0,0,0,0
489,0.0,0.0,0,0,0,0,0,0,0,0.0,0.0,0.0,0,0.0,0,0,0,0.0,0,0.0,0,0,0.0,0,0,0,0.0,0,0,0,0,0,0,0.0,0,0,0,0,0,0,0.0,0,0.008598542705219866,0,0,0,0.0,0,0,0,0,0,0,0,0,0,0,0,0.0,0,0,0,0.0,0,0,0
490,0.0,0.0,0,0,0,0,0,0,0,0.0,0.0,0.0,0,0.0,0,0,0,0.0,0,0.0,0,0,0.0,0,0,0,0.0,0,0,0,0,0,0,0.0,0,0,0,0,0,0,0.0,0,0.0,0,0,0,0.0,0,0,0,0,0,0,0,0,0,0,0,0.0,0,0,0,0.0,0,0,0
491,0.0,0.0,0,0,0,0,0,0,0,0.0,0.0,0.11043930182023928,0,0.0,0,0,0,0.0,0,0.0,0,0,0.0,0,0,0,0.0,0,0,0,0,0,0,0.0,0,0,0,0,0,0,0.0,0,0.0,0,0,0,0.0,0,0,0,0,0,0,0,0,0,0,0,0.0,0,0,0,0.0,0,0,0
492,0.0,0.0,0,0,0,0,0,0,0,0.0,0.0,0.0,0,0.0,0,0,0,0.0,0,0.0,0,0,0.0,0,0,0,0.0,0,0,0,0,0,0,0.0,0,0,0,0,0,0,0.0,0,0.0,0,0,0,0.0,0,0,0,0,0,0,0,0,0,0,0,0.0,0,0,0,0.0,0,0,0
493,0.0,0.0,0,0,0,0,0,0,0,0.0,0.0,0.0,0,0.0,0,0,0,0.02724457994094711,0,0.0,0,0,0.0,0,0,0,0.0,0,0,0,0,0,0,0.0,0,0,0,0,0,0,0.0,0,0.0,0,0,0,0.0,0,0,0,0,0,0,0,0,0,0,0,0.0,0,0,0,0.0,0,0,0
494,0.0,0.0,0,0,0,0,0,0,0,0.0,0.0,0.0,0,0.0,0,0,0,0.0,0,0.0,0,0,0.0,0,0,0,0.0,0,0,0,0,0,0,0.0,0,0,0,0,0,0,0.0,0,0.01640205079558945,0,0,0,0.0,0,0,0,0,0,0,0,0,0,0,0,0.02912437574017741,0,0,0,0.0,0,0,0
495,0.0,0.0,0,0,0,0,0,0,0,0.0,0.0,0.0,0,0.0,0,0,0,0.0,0,0.0,0,0,0.0,0,0,0,0.0,0,0,0,0,0,0,0.0,0,0,0,0,0,0,0.0,0,0.0,0,0,0,0.0,0,0,0,0,0,0,0,0,0,0,0,0.0,0,0,0,0.0,0,0,0
496,0.0,0.0,0,0,0,0,0,0,0,0.0,0.0,0.0,0,0.0,0,0,0,0.0,0,0.0,0,0,0.0,0,0,0,0.0,0,0,0,0,0,0,0.0,0,0,0,0,0,0,0.0,0,0.0,0,0,0,0.0,0,0,0,0,0,0,0,0,0,0,0,0.0,0,0,0,0.0,0,0,0
497,0.0,0.0,0,0,0,0,0,0,0,0.0,0.0,0.0,0,0.0,0,0,0,0.0,0,0.0,0,0,0.0,0,0,0,0.0,0,0,0,0,0,0,0.0,0,0,0,0,0,0,0.0,0,0.0,0,0,0,0.0,0,0,0,0,0,0,0,0,0,0,0,0.0,0,0,0,0.0,0,0,0
498,0.0,0.0,0,0,0,0,0,0,0,0.0,0.0,0.0,0,0.0,0,0,0,0.0,0,0.0,0,0,0.0,0,0,0,0.0,0,0,0,0,0,0,0.0,0,0,0,0,0,0,0.0,0,0.0,0,0,0,0.0,0,0,0,0,0,0,0,0,0,0,0,0.0,0,0,0,0.0,0,0,0
499,0.0,0.0,0,0,0,0,0,0,0,0.0,0.0,0.0,0,0.0,0,0,0,0.0,0,0.0,0,0,0.0,0,0,0,0.0,0,0,0,0,0,0,0.0,0,0,0,0,0,0,0.0,0,0.0,0,0,0,0.0,0,0,0,0,0,0,0,0,0,0,0,0.0,0,0,0,0.0,0,0,0
500,0.0,0.0,0,0,0,0,0,0,0,0.0,0.0,0.0,0,0.0,0,0,0,0.0,0,0.0,0,0,0.0,0,0,0,0.0,0,0,0,0,0,0,0.0,0,0,0,0,0,0,0.0,0,0.0,0,0,0,0.0,0,0,0,0,0,0,0,0,0,0,0,0.0,0,0,0,0.0,0,0,0
501,0.0,0.0,0,0,0,0,0,0,0,0.0,0.0,0.0,0,0.0,0,0,0,0.0,0,0.0,0,0,0.0,0,0,0,0.0,0,0,0,0,0,0,0.0,0,0,0,0,0,0,0.0,0,0.0,0,0,0,0.0,0,0,0,0,0,0,0,0,0,0,0,0.0,0,0,0,0.0,0,0,0
502,0.0,0.0,0,0,0,0,0,0,0,0.0,0.0,0.0,0,0.0,0,0,0,0.0,0,0.0,0,0,0.0,0,0,0,0.0,0,0,0,0,0,0,0.0,0,0,0,0,0,0,0.0,0,0.008358224835344475,0,0,0,0.0,0,0,0,0,0,0,0,0,0,0,0,0.0,0,0,0,0.0,0,0,0
503,0.0,0.0,0,0,0,0,0,0,0,0.0,0.0,0.0,0,0.0,0,0,0,0.0,0,0.0,0,0,0.0,0,0,0,0.0,0,0,0,0,0,0,0.0,0,0,0,0,0,0,0.0,0,0.02483711172713068,0,0,0,0.0,0,0,0,0,0,0,0,0,0,0,0,0.0,0,0,0,0.0,0,0,0
504,0.0,0.0,0,0,0,0,0,0,0,0.0,0.0,0.0,0,0.0,0,0,0,0.0,0,0.0,0,0,0.0,0,0,0,0.0,0,0,0,0,0,0,0.0,0,0,0,0,0,0,0.0,0,0.0,0,0,0,0.0,0,0,0,0,0,0,0,0,0,0,0,0.0,0,0,0,0.0,0,0,0
505,0.0,0.0,0,0,0,0,0,0,0,0.0,0.0,0.0,0,0.0,0,0,0,0.0,0,0.0,0,0,0.0,0,0,0,0.0,0,0,0,0,0,0,0.0,0,0,0,0,0,0,0.0,0,0.0,0,0,0,0.0,0,0,0,0,0,0,0,0,0,0,0,0.0,0,0,0,0.0,0,0,0
506,0.0,0.0,0,0,0,0,0,0,0,0.0,0.0,0.0,0,0.0,0,0,0,0.0,0,0.0,0,0,0.0,0,0,0,0.0,0,0,0,0,0,0,0.0,0,0,0,0,0,0,0.0,0,0.0,0,0,0,0.0,0,0,0,0,0,0,0,0,0,0,0,0.0,0,0,0,0.0,0,0,0
507,0.0,0.0,0,0,0,0,0,0,0,0.0,0.0,0.0,0,0.0,0,0,0,0.0,0,0.0,0,0,0.0,0,0,0,0.0,0,0,0,0,0,0,0.0,0,0,0,0,0,0,0.0,0,0.0,0,0,0,0.0,0,0,0,0,0,0,0,0,0,0,0,0.0,0,0,0,0.0,0,0,0
508,0.0,0.0,0,0,0,0,0,0,0,0.0,0.0,0.0,0,0.0,0,0,0,0.0,0,0.0,0,0,0.0,0,0,0,0.0,0,0,0,0,0,0,0.0,0,0,0,0,0,0,0.0,0,0.0,0,0,0,0.0,0,0,0,0,0,0,0,0,0,0,0,0.0,0,0,0,0.0,0,0,0
509,0.0,0.0,0,0,0,0,0,0,0,0.0,0.0,0.0,0,0.0,0,0,0,0.0,0,0.0,0,0,0.0,0,0,0,0.0,0,0,0,0,0,0,0.0,0,0,0,0,0,0,0.0,0,0.0,0,0,0,0.0,0,0,0,0,0,0,0,0,0,0,0,0.0,0,0,0,0.0,0,0,0
510,0.0,0.0,0,0,0,0,0,0,0,0.0,0.0,0.0,0,0.0,0,0,0,0.0,0,0.0,0,0,0.0,0,0,0,0.0,0,0,0,0,0,0,0.0,0,0,0,0,0,0,0.0,0,0.0,0,0,0,0.0,0,0,0,0,0,0,0,0,0,0,0,0.0,0,0,0,0.0,0,0,0
511,0.0,0.0,0,0,0,0,0,0,0,0.0,0.0,0.0,0,0.0,0,0,0,0.0,0,0.0,0,0,0.0,0,0,0,0.0,0,0,0,0,0,0,0.0,0,0,0,0,0,0,0.0,0,0.02626318984778654,0,0,0,0.0,0,0,0,0,0,0,0,0,0,0,0,0.023317175967661044,0,0,0,0.0,0,0,0
512,0.0,0.0,0,0,0,0,0,0,0,0.0,0.0,0.0,0,0.0,0,0,0,0.0,0,0.0,0,0,0.0,0,0,0,0.0,0,0,0,0,0,0,0.0,0,0,0,0,0,0,0.0,0,0.0,0,0,0,0.0,0,0,0,0,0,0,0,0,0,0,0,0.0,0,0,0,0.0,0,0,0
513,0.0,0.0,0,0,0,0,0,0,0,0.0,0.0,0.0,0,0.0,0,0,0,0.0,0,0.0,0,0,0.0,0,0,0,0.0,0,0,0,0,0,0,0.0,0,0,0,0,0,0,0.0,0,0.0,0,0,0,0.0,0,0,0,0,0,0,0,0,0,0,0,0.0,0,0,0,0.0,0,0,0
514,0.0,0.0,0,0,0,0,0,0,0,0.0,0.0,0.0,0,0.0,0,0,0,0.0,0,0.0,0,0,0.0,0,0,0,0.0,0,0,0,0,0,0,0.0,0,0,0,0,0,0,0.0,0,0.019260365527468366,0,0,0,0.0,0,0,0,0,0,0,0,0,0,0,0,0.0,0,0,0,0.0,0,0,0
515,0.0,0.0,0,0,0,0,0,0,0,0.0,0.0,0.0,0,0.0,0,0,0,0.0,0,0.0,0,0,0.0,0,0,0,0.0,0,0,0,0,0,0,0.0,0,0,0,0,0,0,0.0,0,0.0,0,0,0,0.0,0,0,0,0,0,0,0,0,0,0,0,0.0,0,0,0,0.0,0,0,0
516,0.0,0.0,0,0,0,0,0,0,0,0.0,0.0,0.0,0,0.0,0,0,0,0.0,0,0.0,0,0,0.0,0,0,0,0.0,0,0,0,0,0,0,0.0,0,0,0,0,0,0,0.0,0,0.0,0,0,0,0.0,0,0,0,0,0,0,0,0,0,0,0,0.0,0,0,0,0.0,0,0,0
517,0.0,0.0,0,0,0,0,0,0,0,0.0,0.0,0.0,0,0.0,0,0,0,0.0,0,0.0,0,0,0.0,0,0,0,0.0,0,0,0,0,0,0,0.0,0,0,0,0,0,0,0.0,0,0.016809095356607528,0,0,0,0.0,0,0,0,0,0,0,0,0,0,0,0,0.0,0,0,0,0.0,0,0,0
518,0.0,0.0,0,0,0,0,0,0,0,0.0,0.0,0.0,0,0.0,0,0,0,0.0,0,0.0,0,0,0.0,0,0,0,0.0,0,0,0,0,0,0,0.0,0,0,0,0,0,0,0.0,0,0.05325083794432136,0,0,0,0.0,0,0,0,0,0,0,0,0,0,0,0,0.0,0,0,0,0.0,0,0,0
519,0.0,0.0,0,0,0,0,0,0,0,0.0,0.0,0.0,0,0.0,0,0,0,0.0,0,0.0,0,0,0.0,0,0,0,0.0,0,0,0,0,0,0,0.0,0,0,0,0,0,0,0.0,0,0.0,0,0,0,0.0,0,0,0,0,0,0,0,0,0,0,0,0.0,0,0,0,0.0,0,0,0
520,0.0,0.0,0,0,0,0,0,0,0,0.0,0.0,0.0,0,0.0,0,0,0,0.0,0,0.0,0,0,0.0,0,0,0,0.0,0,0,0,0,0,0,0.0,0,0,0,0,0,0,0.0,0,0.00876341413027155,0,0,0,0.0,0,0,0,0,0,0,0,0,0,0,0,0.0,0,0,0,0.0,0,0,0
521,0.0,0.0,0,0,0,0,0,0,0,0.0,0.0,0.0,0,0.0,0,0,0,0.0,0,0.0,0,0,0.0,0,0,0,0.0,0,0,0,0,0,0,0.0,0,0,0,0,0,0,0.0,0,0.018131571682117934,0,0,0,0.0,0,0,0,0,0,0,0,0,0,0,0,0.0,0,0,0,0.0,0,0,0
522,0.0,0.0,0,0,0,0,0,0,0,0.0,0.0,0.0,0,0.0,0,0,0,0.0,0,0.0,0,0,0.0,0,0,0,0.0,0,0,0,0,0,0,0.0,0,0,0,0,0,0,0.0,0,0.00813367751004932,0,0,0,0.0,0,0,0,0,0,0,0,0,0,0,0,0.0,0,0,0,0.0,0,0,0
523,0.0,0.0,0,0,0,0,0,0,0,0.0,0.0,0.0,0,0.0,0,0,0,0.0,0,0.0,0,0,0.0,0,0,0,0.0,0,0,0,0,0,0,0.0,0,0,0,0,0,0,0.0,0,0.0,0,0,0,0.0,0,0,0,0,0,0,0,0,0,0,0,0.0,0,0,0,0.0,0,0,0
524,0.0,0.0,0,0,0,0,0,0,0,0.0,0.0,0.0,0,0.0,0,0,0,0.0,0,0.0,0,0,0.0,0,0,0,0.0,0,0,0,0,0,0,0.0,0,0,0,0,0,0,0.0,0,0.01148065981122958,0,0,0,0.0,0,0,0,0,0,0,0,0,0,0,0,0.0,0,0,0,0.0,0,0,0
525,0.0,0.0,0,0,0,0,0,0,0,0.0,0.0,0.0,0,0.0,0,0,0,0.0,0,0.0,0,0,0.0,0,0,0,0.0,0,0,0,0,0,0,0.0,0,0,0,0,0,0,0.0,0,0.021514611281298168,0,0,0,0.0,0,0,0,0,0,0,0,0,0,0,0,0.0,0,0,0,0.0,0,0,0
526,0.0,0.0,0,0,0,0,0,0,0,0.0,0.0,0.0,0,0.0,0,0,0,0.0,0,0.0,0,0,0.0,0,0,0,0.0,0,0,0,0,0,0,0.0,0,0,0,0,0,0,0.0,0,0.0,0,0,0,0.0,0,0,0,0,0,0,0,0,0,0,0,0.0,0,0,0,0.0,0,0,0
527,0.0,0.0,0,0,0,0,0,0,0,0.0,0.0,0.0,0,0.0,0,0,0,0.0,0,0.0,0,0,0.0,0,0,0,0.0,0,0,0,0,0,0,0.0,0,0,0,0,0,0,0.0,0,0.02840007843964988,0,0,0,0.0,0,0,0,0,0,0,0,0,0,0,0,0.0,0,0,0,0.0,0,0,0
528,0.0,0.0,0,0,0,0,0,0,0,0.0,0.0,0.0,0,0.0,0,0,0,0.0,0,0.0,0,0,0.0,0,0,0,0.0,0,0,0,0,0,0,0.0,0,0,0,0,0,0,0.0,0,0.0,0,0,0,0.0,0,0,0,0,0,0,0,0,0,0,0,0.0,0,0,0,0.0,0,0,0
529,0.0,0.0,0,0,0,0,0,0,0,0.0,0.0,0.0,0,0.0,0,0,0,0.0,0,0.0,0,0,0.0,0,0,0,0.0,0,0,0,0,0,0,0.0,0,0,0,0,0,0,0.0,0,0.0,0,0,0,0.0,0,0,0,0,0,0,0,0,0,0,0,0.0,0,0,0,0.0,0,0,0
530,0.0,0.0,0,0,0,0,0,0,0,0.0,0.0,0.0,0,0.0,0,0,0,0.0,0,0.0,0,0,0.0,0,0,0,0.0,0,0,0,0,0,0,0.0,0,0,0,0,0,0,0.0,0,0.0,0,0,0,0.0,0,0,0,0,0,0,0,0,0,0,0,0.0,0,0,0,0.0,0,0,0
531,0.0,0.0,0,0,0,0,0,0,0,0.0,0.0,0.0,0,0.0,0,0,0,0.0,0,0.0,0,0,0.0,0,0,0,0.0,0,0,0,0,0,0,0.0,0,0,0,0,0,0,0.0,0,0.0,0,0,0,0.0,0,0,0,0,0,0,0,0,0,0,0,0.0,0,0,0,0.0,0,0,0
532,0.0,0.0,0,0,0,0,0,0,0,0.0,0.0,0.0,0,0.0,0,0,0,0.0,0,0.0,0,0,0.0,0,0,0,0.0,0,0,0,0,0,0,0.0,0,0,0,0,0,0,0.0,0,0.0,0,0,0,0.0,0,0,0,0,0,0,0,0,0,0,0,0.0,0,0,0,0.0,0,0,0
533,0.0,0.0,0,0,0,0,0,0,0,0.0,0.0,0.0,0,0.0,0,0,0,0.0,0,0.0,0,0,0.0,0,0,0,0.0,0,0,0,0,0,0,0.0,0,0,0,0,0,0,0.0,0,0.018603815476399742,0,0,0,0.0,0,0,0,0,0,0,0,0,0,0,0,0.0,0,0,0,0.0,0,0,0
534,0.0,0.0,0,0,0,0,0,0,0,0.0,0.0,0.0,0,0.0,0,0,0,0.0,0,0.0,0,0,0.0,0,0,0,0.0,0,0,0,0,0,0,0.0,0,0,0,0,0,0,0.0,0,0.0,0,0,0,0.0,0,0,0,0,0,0,0,0,0,0,0,0.0,0,0,0,0.0,0,0,0
535,0.0,0.0,0,0,0,0,0,0,0,0.0,0.0,0.0,0,0.0,0,0,0,0.040682229516367324,0,0.0,0,0,0.0,0,0,0,0.0,0,0,0,0,0,0,0.0,0,0,0,0,0,0,0.0,0,0.031126475689478666,0,0,0,0.0,0,0,0,0,0,0,0,0,0,0,0,0.0,0,0,0,0.0,0,0,0
536,0.0,0.0,0,0,0,0,0,0,0,0.0,0.0,0.0,0,0.0,0,0,0,0.0,0,0.0,0,0,0.0,0,0,0,0.0,0,0,0,0,0,0,0.0,0,0,0,0,0,0,0.0,0,0.0349686760034244,0,0,0,0.0,0,0,0,0,0,0,0,0,0,0,0,0.0,0,0,0,0.0,0,0,0
537,0.0,0.0,0,0,0,0,0,0,0,0.0,0.0,0.0,0,0.0,0,0,0,0.0,0,0.0,0,0,0.0,0,0,0,0.0,0,0,0,0,0,0,0.0,0,0,0,0,0,0,0.0,0,0.0,0,0,0,0.0,0,0,0,0,0,0,0,0,0,0,0,0.0,0,0,0,0.0,0,0,0
538,0.0,0.0,0,0,0,0,0,0,0,0.0,0.0,0.0,0,0.0,0,0,0,0.0,0,0.0,0,0,0.0,0,0,0,0.0,0,0,0,0,0,0,0.0,0,0,0,0,0,0,0.0,0,0.0,0,0,0,0.0,0,0,0,0,0,0,0,0,0,0,0,0.0,0,0,0,0.0,0,0,0
539,0.0,0.0,0,0,0,0,0,0,0,0.0,0.0,0.0,0,0.0,0,0,0,0.0,0,0.0,0,0,0.0,0,0,0,0.0,0,0,0,0,0,0,0.0,0,0,0,0,0,0,0.0,0,0.0,0,0,0,0.0,0,0,0,0,0,0,0,0,0,0,0,0.03901540346809877,0,0,0,0.0,0,0,0
540,0.0,0.0,0,0,0,0,0,0,0,0.0,0.0,0.0,0,0.0,0,0,0,0.0,0,0.0,0,0,0.0,0,0,0,0.0,0,0,0,0,0,0,0.0,0,0,0,0,0,0,0.0,0,0.0,0,0,0,0.0,0,0,0,0,0,0,0,0,0,0,0,0.0,0,0,0,0.0,0,0,0
541,0.0,0.0,0,0,0,0,0,0,0,0.0,0.0,0.0,0,0.0,0,0,0,0.0,0,0.0,0,0,0.0,0,0,0,0.0,0,0,0,0,0,0,0.0,0,0,0,0,0,0,0.027113031208331365,0,0.014048729093581909,0,0,0,0.0,0,0,0,0,0,0,0,0,0,0,0,0.0,0,0,0,0.0,0,0,0
542,0.0,0.0,0,0,0,0,0,0,0,0.0,0.0,0.0,0,0.0,0,0,0,0.0,0,0.0,0,0,0.0,0,0,0,0.0,0,0,0,0,0,0,0.0,0,0,0,0,0,0,0.0,0,0.0,0,0,0,0.0,0,0,0,0,0,0,0,0,0,0,0,0.0,0,0,0,0.0,0,0,0
543,0.0,0.0,0,0,0,0,0,0,0,0.0,0.0,0.0,0,0.0,0,0,0,0.0,0,0.0,0,0,0.0,0,0,0,0.0,0,0,0,0,0,0,0.0,0,0,0,0,0,0,0.0,0,0.020149161278740647,0,0,0,0.0,0,0,0,0,0,0,0,0,0,0,0,0.0,0,0,0,0.0,0,0,0
544,0.0,0.0,0,0,0,0,0,0,0,0.0,0.0,0.0,0,0.0,0,0,0,0.0,0,0.0,0,0,0.0,0,0,0,0.0,0,0,0,0,0,0,0.0,0,0,0,0,0,0,0.0,0,0.0,0,0,0,0.0,0,0,0,0,0,0,0,0,0,0,0,0.0,0,0,0,0.0,0,0,0
545,0.0,0.0,0,0,0,0,0,0,0,0.0,0.0,0.0,0,0.0,0,0,0,0.0,0,0.0,0,0,0.0,0,0,0,0.0,0,0,0,0,0,0,0.0,0,0,0,0,0,0,0.0,0,0.026723343397344952,0,0,0,0.0,0,0,0,0,0,0,0,0,0,0,0,0.0,0,0,0,0.0,0,0,0
546,0.0,0.0,0,0,0,0,0,0,0,0.0,0.0,0.0,0,0.0,0,0,0,0.0,0,0.0,0,0,0.0,0,0,0,0.0,0,0,0,0,0,0,0.0,0,0,0,0,0,0,0.0,0,0.0,0,0,0,0.0,0,0,0,0,0,0,0,0,0,0,0,0.0,0,0,0,0.0,0,0,0
547,0.0,0.0,0,0,0,0,0,0,0,0.0,0.0,0.0,0,0.0,0,0,0,0.0,0,0.0,0,0,0.0,0,0,0,0.0,0,0,0,0,0,0,0.0,0,0,0,0,0,0,0.0,0,0.0,0,0,0,0.0,0,0,0,0,0,0,0,0,0,0,0,0.023818733719522995,0,0,0,0.0,0,0,0
548,0.0,0.0,0,0,0,0,0,0,0,0.0,0.0,0.0,0,0.0,0,0,0,0.0,0,0.0,0,0,0.0,0,0,0,0.0,0,0,0,0,0,0,0.0,0,0,0,0,0,0,0.0,0,0.013710893383758476,0,0,0,0.0,0,0,0,0,0,0,0,0,0,0,0,0.0,0,0,0,0.0,0,0,0
549,0.0,0.0,0,0,0,0,0,0,0,0.0,0.0,0.0,0,0.0,0,0,0,0.0,0,0.0,0,0,0.0,0,0,0,0.0,0,0,0,0,0,0,0.0,0,0,0,0,0,0,0.0,0,0.016056177150058113,0,0,0,0.0,0,0,0,0,0,0,0,0,0,0,0,0.0,0,0,0,0.0,0,0,0
550,0.0,0.0,0,0,0,0,0,0,0,0.0,0.0,0.0,0,0.0,0,0,0,0.0,0,0.0,0,0,0.0,0,0,0,0.0,0,0,0,0,0,0,0.0,0,0,0,0,0,0,0.0,0,0.0,0,0,0,0.0,0,0,0,0,0,0,0,0,0,0,0,0.0,0,0,0,0.0,0,0,0
551,0.0,0.0,0,0,0,0,0,0,0,0.0,0.0,0.0,0,0.0,0,0,0,0.0,0,0.0,0,0,0.0,0,0,0,0.0,0,0,0,0,0,0,0.0,0,0,0,0,0,0,0.0,0,0.0,0,0,0,0.0,0,0,0,0,0,0,0,0,0,0,0,0.0,0,0,0,0.0,0,0,0
552,0.0,0.0,0,0,0,0,0,0,0,0.0,0.0,0.0,0,0.0,0,0,0,0.0,0,0.0,0,0,0.0,0,0,0,0.0,0,0,0,0,0,0,0.0,0,0,0,0,0,0,0.0,0,0.0,0,0,0,0.0,0,0,0,0,0,0,0,0,0,0,0,0.0,0,0,0,0.0,0,0,0
553,0.0,0.0,0,0,0,0,0,0,0,0.0,0.0,0.0,0,0.0,0,0,0,0.0,0,0.0,0,0,0.0,0,0,0,0.0,0,0,0,0,0,0,0.0,0,0,0,0,0,0,0.0,0,0.0,0,0,0,0.0,0,0,0,0,0,0,0,0,0,0,0,0.0,0,0,0,0.0,0,0,0
554,0.0,0.0,0,0,0,0,0,0,0,0.0,0.0,0.0,0,0.0,0,0,0,0.0,0,0.0,0,0,0.0,0,0,0,0.0,0,0,0,0,0,0,0.0,0,0,0,0,0,0,0.0,0,0.0,0,0,0,0.0,0,0,0,0,0,0,0,0,0,0,0,0.0,0,0,0,0.0,0,0,0
555,0.0,0.0,0,0,0,0,0,0,0,0.0,0.0,0.0,0,0.0,0,0,0,0.0,0,0.0,0,0,0.0,0,0,0,0.0,0,0,0,0,0,0,0.0,0,0,0,0,0,0,0.0,0,0.0,0,0,0,0.0,0,0,0,0,0,0,0,0,0,0,0,0.0,0,0,0,0.0,0,0,0
556,0.0,0.0,0,0,0,0,0,0,0,0.0,0.0,0.0,0,0.0,0,0,0,0.0,0,0.0,0,0,0.0,0,0,0,0.0,0,0,0,0,0,0,0.0,0,0,0,0,0,0,0.0,0,0.0,0,0,0,0.0,0,0,0,0,0,0,0,0,0,0,0,0.0,0,0,0,0.0,0,0,0
557,0.0,0.0,0,0,0,0,0,0,0,0.0,0.0,0.0,0,0.0,0,0,0,0.0,0,0.0,0,0,0.0,0,0,0,0.0,0,0,0,0,0,0,0.0,0,0,0,0,0,0,0.0,0,0.0,0,0,0,0.0,0,0,0,0,0,0,0,0,0,0,0,0.0,0,0,0,0.0,0,0,0
558,0.0,0.0,0,0,0,0,0,0,0,0.0,0.0,0.0,0,0.0,0,0,0,0.0,0,0.0,0,0,0.0,0,0,0,0.0,0,0,0,0,0,0,0.0,0,0,0,0,0,0,0.0,0,0.0,0,0,0,0.0,0,0,0,0,0,0,0,0,0,0,0,0.0,0,0,0,0.0,0,0,0
559,0.0,0.0,0,0,0,0,0,0,0,0.0,0.0,0.0,0,0.0,0,0,0,0.0,0,0.0,0,0,0.0,0,0,0,0.0,0,0,0,0,0,0,0.0,0,0,0,0,0,0,0.06987537059951339,0,0.018103105925768907,0,0,0,0.0,0,0,0,0,0,0,0,0,0,0,0,0.0,0,0,0,0.0,0,0,0
560,0.0,0.0,0,0,0,0,0,0,0,0.0,0.0,0.0,0,0.0,0,0,0,0.0,0,0.0,0,0,0.0,0,0,0,0.0,0,0,0,0,0,0,0.0,0,0,0,0,0,0,0.0,0,0.0,0,0,0,0.0,0,0,0,0,0,0,0,0,0,0,0,0.0,0,0,0,0.0,0,0,0
561,0.0,0.0,0,0,0,0,0,0,0,0.0,0.0,0.0,0,0.0,0,0,0,0.0,0,0.0,0,0,0.0,0,0,0,0.0,0,0,0,0,0,0,0.0,0,0,0,0,0,0,0.0,0,0.0,0,0,0,0.0,0,0,0,0,0,0,0,0,0,0,0,0.0,0,0,0,0.0,0,0,0
562,0.0,0.0,0,0,0,0,0,0,0,0.0,0.0,0.0,0,0.0,0,0,0,0.0,0,0.0,0,0,0.0,0,0,0,0.0,0,0,0,0,0,0,0.0,0,0,0,0,0,0,0.0,0,0.0,0,0,0,0.0,0,0,0,0,0,0,0,0,0,0,0,0.0,0,0,0,0.0,0,0,0
563,0.0,0.0,0,0,0,0,0,0,0,0.0,0.0,0.0,0,0.0,0,0,0,0.0,0,0.0,0,0,0.0,0,0,0,0.0,0,0,0,0,0,0,0.0,0,0,0,0,0,0,0.0,0,0.0,0,0,0,0.0,0,0,0,0,0,0,0,0,0,0,0,0.0,0,0,0,0.0,0,0,0
564,0.0,0.0,0,0,0,0,0,0,0,0.0,0.0,0.0,0,0.0,0,0,0,0.0,0,0.0,0,0,0.0,0,0,0,0.0,0,0,0,0,0,0,0.0,0,0,0,0,0,0,0.0,0,0.02084107321388,0,0,0,0.0,0,0,0,0,0,0,0,0,0,0,0,0.0,0,0,0,0.0,0,0,0
565,0.0,0.0,0,0,0,0,0,0,0,0.0,0.0,0.0,0,0.0,0,0,0,0.0,0,0.0,0,0,0.0,0,0,0,0.0,0,0,0,0,0,0,0.0,0,0,0,0,0,0,0.0,0,0.0,0,0,0,0.0,0,0,0,0,0,0,0,0,0,0,0,0.0,0,0,0,0.0,0,0,0
566,0.0,0.0,0,0,0,0,0,0,0,0.0,0.0,0.0,0,0.0,0,0,0,0.0,0,0.0,0,0,0.0,0,0,0,0.0,0,0,0,0,0,0,0.0,0,0,0,0,0,0,0.0,0,0.0,0,0,0,0.0,0,0,0,0,0,0,0,0,0,0,0,0.0,0,0,0,0.0,0,0,0
